//Group	ID	Type	Desc_Msg_1	Desc_Msg_2	Desc_Msg_3	Bad_Msg_1	Bad_Msg_2	Bad_Msg_3	Good_Msg_1	Good_Msg_2	Good_Msg_3	Height	Width	MinLevel	tMaxSuccesRate	MoneyRule	MoneyReq	UnkByte_1	UnkByte_2	UnkByte_3	UnkByte_4	UnkByte_5	UnkByte_6
//(Rules Count)
//Rule	Div
//(Items Count)
//StartID	EndID	MinLvl	MaxLvl	MinOpt	MaxOpt	MinDur	MaxDur	MinCount	MaxCount	Type
//=================================================================================================
0	0	6	613	0	0	610	611	0	0	0	0	1	1	10	90	65	3000000	65	65	85	85	85	16	
1
32	0	
2
7190	7190	0	255	0	255	0	255	1	1	0	
6159	6159	0	255	0	255	0	255	1	1	0	
//=================================================================================================
0	1	3	604	0	0	606	607	608	0	0	0	5	4	10	60	65	2000000	69	85	85	65	65	1	
1
0	60	
4
6344	6358	9	9	0	255	0	255	1	1	32	
6159	6159	0	255	0	255	0	255	1	1	0	
7181	7181	0	255	0	255	0	255	1	1	0	
7182	7182	0	255	0	255	0	255	1	1	0	
//=================================================================================================
0	2	3	604	0	0	606	607	608	0	0	0	5	4	10	60	65	2000000	69	85	85	65	65	1	
1
0	60	
4
6361	6361	9	9	0	255	0	255	1	1	32	
6159	6159	0	255	0	255	0	255	1	1	0	
7181	7181	0	255	0	255	0	255	1	1	0	
7182	7182	0	255	0	255	0	255	1	1	0	
//=================================================================================================
0	3	3	604	0	0	606	607	608	0	0	0	5	4	10	60	65	2000000	69	85	85	65	65	1	
1
0	60	
4
6450	6454	9	9	0	255	0	255	1	1	32	
6159	6159	0	255	0	255	0	255	1	1	0	
7181	7181	0	255	0	255	0	255	1	1	0	
7182	7182	0	255	0	255	0	255	1	1	0	
//=================================================================================================
0	4	3	604	0	0	606	607	608	0	0	0	5	4	10	75	65	2000000	69	65	65	85	85	1	
3
0	50	
1	0	
64	0	
4
0	7167	9	9	0	255	0	255	1	1	1	
6159	6159	0	255	0	255	0	255	1	1	0	
7181	7181	0	255	0	255	0	255	1	1	0	
7182	7182	0	255	0	255	0	255	1	1	0	
//=================================================================================================
0	5	3	604	0	0	606	607	608	0	0	0	5	4	10	75	65	2000000	69	65	65	85	85	1	
3
0	50	
1	0	
64	0	
4
0	7167	9	9	0	255	0	255	1	1	4	
6159	6159	0	255	0	255	0	255	1	1	0	
7181	7181	0	255	0	255	0	255	1	1	0	
7182	7182	0	255	0	255	0	255	1	1	0	
//=================================================================================================
0	6	3	604	0	0	606	607	608	0	0	0	5	4	10	75	65	2000000	69	65	65	85	85	1	
3
0	50	
1	0	
64	0	
4
0	7167	9	9	0	255	0	255	1	1	2	
6159	6159	0	255	0	255	0	255	1	1	0	
7181	7181	0	255	0	255	0	255	1	1	0	
7182	7182	0	255	0	255	0	255	1	1	0	
//=================================================================================================
0	7	3	604	0	0	606	607	608	0	0	0	5	4	10	65	65	2000000	69	65	65	85	85	1	
3
0	40	
1	0	
64	0	
4
0	7167	9	9	0	255	0	255	1	1	16	
6159	6159	0	255	0	255	0	255	1	1	0	
7181	7181	0	255	0	255	0	255	1	1	0	
7182	7182	0	255	0	255	0	255	1	1	0	
//=================================================================================================
0	8	3	604	0	0	606	607	608	0	0	0	5	4	10	85	65	2000000	69	65	65	85	85	1	
3
0	60	
1	0	
64	0	
4
0	7167	9	9	0	255	0	255	1	1	0	
6159	6159	0	255	0	255	0	255	1	1	0	
7181	7181	0	255	0	255	0	255	1	1	0	
7182	7182	0	255	0	255	0	255	1	1	0	
//=================================================================================================
0	9	4	605	0	0	606	607	608	0	0	0	5	4	10	55	65	4000000	65	85	85	65	65	1	
1
0	55	
4
6344	6358	10	10	0	255	0	255	1	1	32	
6159	6159	0	255	0	255	0	255	1	1	0	
7181	7181	0	255	0	255	0	255	2	2	0	
7182	7182	0	255	0	255	0	255	2	2	0	
//=================================================================================================
0	10	4	605	0	0	606	607	608	0	0	0	5	4	10	55	65	4000000	65	85	85	65	65	1	
1
0	55	
4
6361	6361	10	10	0	255	0	255	1	1	32	
6159	6159	0	255	0	255	0	255	1	1	0	
7181	7181	0	255	0	255	0	255	2	2	0	
7182	7182	0	255	0	255	0	255	2	2	0	
//=================================================================================================
0	11	4	605	0	0	606	607	608	0	0	0	5	4	10	55	65	4000000	65	85	85	65	65	1	
1
0	55	
4
6450	6454	10	10	0	255	0	255	1	1	32	
6159	6159	0	255	0	255	0	255	1	1	0	
7181	7181	0	255	0	255	0	255	2	2	0	
7182	7182	0	255	0	255	0	255	2	2	0	
//=================================================================================================
0	12	4	605	0	0	606	607	608	0	0	0	5	4	10	75	65	4000000	69	65	65	85	85	1	
3
0	50	
1	0	
64	0	
4
0	7167	10	10	0	255	0	255	1	1	1	
6159	6159	0	255	0	255	0	255	1	1	0	
7181	7181	0	255	0	255	0	255	2	2	0	
7182	7182	0	255	0	255	0	255	2	2	0	
//=================================================================================================
0	13	4	605	0	0	606	607	608	0	0	0	5	4	10	75	65	4000000	69	65	65	85	85	1	
3
0	50	
1	0	
64	0	
4
0	7167	10	10	0	255	0	255	1	1	4	
6159	6159	0	255	0	255	0	255	1	1	0	
7181	7181	0	255	0	255	0	255	2	2	0	
7182	7182	0	255	0	255	0	255	2	2	0	
//=================================================================================================
0	14	4	605	0	0	606	607	608	0	0	0	5	4	10	75	65	4000000	69	65	65	85	85	1	
3
0	50	
1	0	
64	0	
4
0	7167	10	10	0	255	0	255	1	1	2	
6159	6159	0	255	0	255	0	255	1	1	0	
7181	7181	0	255	0	255	0	255	2	2	0	
7182	7182	0	255	0	255	0	255	2	2	0	
//=================================================================================================
0	15	4	605	0	0	606	607	608	0	0	0	5	4	10	65	65	4000000	69	65	65	85	85	1	
3
0	40	
1	0	
64	0	
4
0	7167	10	10	0	255	0	255	1	1	16	
6159	6159	0	255	0	255	0	255	1	1	0	
7181	7181	0	255	0	255	0	255	2	2	0	
7182	7182	0	255	0	255	0	255	2	2	0	
//=================================================================================================
0	16	4	605	0	0	606	607	608	0	0	0	5	4	10	85	65	4000000	69	65	65	85	85	1	
3
0	60	
1	0	
64	0	
4
0	7167	10	10	0	255	0	255	1	1	0	
6159	6159	0	255	0	255	0	255	1	1	0	
7181	7181	0	255	0	255	0	255	2	2	0	
7182	7182	0	255	0	255	0	255	2	2	0	
//=================================================================================================
0	17	22	665	0	0	606	607	608	0	0	0	5	4	10	50	65	6000000	65	85	85	65	65	1	
1
0	50	
4
6344	6358	11	11	0	255	0	255	1	1	32	
6159	6159	0	255	0	255	0	255	1	1	0	
7181	7181	0	255	0	255	0	255	3	3	0	
7182	7182	0	255	0	255	0	255	3	3	0	
//=================================================================================================
0	18	22	665	0	0	606	607	608	0	0	0	5	4	10	50	65	6000000	65	85	85	65	65	1	
1
0	50	
4
6361	6361	11	11	0	255	0	255	1	1	32	
6159	6159	0	255	0	255	0	255	1	1	0	
7181	7181	0	255	0	255	0	255	3	3	0	
7182	7182	0	255	0	255	0	255	3	3	0	
//=================================================================================================
0	19	22	665	0	0	606	607	608	0	0	0	5	4	10	50	65	6000000	65	85	85	65	65	1	
1
0	50	
4
6450	6454	11	11	0	255	0	255	1	1	32	
6159	6159	0	255	0	255	0	255	1	1	0	
7181	7181	0	255	0	255	0	255	3	3	0	
7182	7182	0	255	0	255	0	255	3	3	0	
//=================================================================================================
0	20	22	665	0	0	606	607	608	0	0	0	5	4	10	70	65	6000000	69	65	65	85	85	1	
3
0	45	
1	0	
64	0	
4
0	7167	11	11	0	255	0	255	1	1	1	
6159	6159	0	255	0	255	0	255	1	1	0	
7181	7181	0	255	0	255	0	255	3	3	0	
7182	7182	0	255	0	255	0	255	3	3	0	
//=================================================================================================
0	21	22	665	0	0	606	607	608	0	0	0	5	4	10	70	65	6000000	69	65	65	85	85	1	
3
0	45	
1	0	
64	0	
4
0	7167	11	11	0	255	0	255	1	1	4	
6159	6159	0	255	0	255	0	255	1	1	0	
7181	7181	0	255	0	255	0	255	3	3	0	
7182	7182	0	255	0	255	0	255	3	3	0	
//=================================================================================================
0	22	22	665	0	0	606	607	608	0	0	0	5	4	10	70	65	6000000	69	65	65	85	85	1	
3
0	45	
1	0	
64	0	
4
0	7167	11	11	0	255	0	255	1	1	2	
6159	6159	0	255	0	255	0	255	1	1	0	
7181	7181	0	255	0	255	0	255	3	3	0	
7182	7182	0	255	0	255	0	255	3	3	0	
//=================================================================================================
0	23	22	665	0	0	606	607	608	0	0	0	5	4	10	60	65	6000000	69	65	65	85	85	1	
3
0	35	
1	0	
64	0	
4
0	7167	11	11	0	255	0	255	1	1	16	
6159	6159	0	255	0	255	0	255	1	1	0	
7181	7181	0	255	0	255	0	255	3	3	0	
7182	7182	0	255	0	255	0	255	3	3	0	
//=================================================================================================
0	24	22	665	0	0	606	607	608	0	0	0	5	4	10	80	65	6000000	69	65	65	85	85	1	
3
0	55	
1	0	
64	0	
4
0	7167	11	11	0	255	0	255	1	1	0	
6159	6159	0	255	0	255	0	255	1	1	0	
7181	7181	0	255	0	255	0	255	3	3	0	
7182	7182	0	255	0	255	0	255	3	3	0	
//=================================================================================================
0	25	23	666	0	0	606	607	608	0	0	0	5	4	10	45	65	8000000	65	85	85	65	65	1	
1
0	45	
4
6344	6358	12	12	0	255	0	255	1	1	32	
6159	6159	0	255	0	255	0	255	1	1	0	
7181	7181	0	255	0	255	0	255	4	4	0	
7182	7182	0	255	0	255	0	255	4	4	0	
//=================================================================================================
0	26	23	666	0	0	606	607	608	0	0	0	5	4	10	45	65	8000000	65	85	85	65	65	1	
1
0	45	
4
6361	6361	12	12	0	255	0	255	1	1	32	
6159	6159	0	255	0	255	0	255	1	1	0	
7181	7181	0	255	0	255	0	255	4	4	0	
7182	7182	0	255	0	255	0	255	4	4	0	
//=================================================================================================
0	27	23	666	0	0	606	607	608	0	0	0	5	4	10	45	65	8000000	65	85	85	65	65	1	
1
0	45	
4
6450	6454	12	12	0	255	0	255	1	1	32	
6159	6159	0	255	0	255	0	255	1	1	0	
7181	7181	0	255	0	255	0	255	4	4	0	
7182	7182	0	255	0	255	0	255	4	4	0	
//=================================================================================================
0	28	23	666	0	0	606	607	608	0	0	0	5	4	10	70	65	8000000	69	65	65	85	85	1	
3
0	45	
1	0	
64	0	
4
0	7167	12	12	0	255	0	255	1	1	1	
6159	6159	0	255	0	255	0	255	1	1	0	
7181	7181	0	255	0	255	0	255	4	4	0	
7182	7182	0	255	0	255	0	255	4	4	0	
//=================================================================================================
0	29	23	666	0	0	606	607	608	0	0	0	5	4	10	70	65	8000000	69	65	65	85	85	1	
3
0	45	
1	0	
64	0	
4
0	7167	12	12	0	255	0	255	1	1	4	
6159	6159	0	255	0	255	0	255	1	1	0	
7181	7181	0	255	0	255	0	255	4	4	0	
7182	7182	0	255	0	255	0	255	4	4	0	
//=================================================================================================
0	30	23	666	0	0	606	607	608	0	0	0	5	4	10	70	65	8000000	69	65	65	85	85	1	
3
0	45	
1	0	
64	0	
4
0	7167	12	12	0	255	0	255	1	1	2	
6159	6159	0	255	0	255	0	255	1	1	0	
7181	7181	0	255	0	255	0	255	4	4	0	
7182	7182	0	255	0	255	0	255	4	4	0	
//=================================================================================================
0	31	23	666	0	0	606	607	608	0	0	0	5	4	10	60	65	8000000	69	65	65	85	85	1	
3
0	35	
1	0	
64	0	
4
0	7167	12	12	0	255	0	255	1	1	16	
6159	6159	0	255	0	255	0	255	1	1	0	
7181	7181	0	255	0	255	0	255	4	4	0	
7182	7182	0	255	0	255	0	255	4	4	0	
//=================================================================================================
0	32	23	666	0	0	606	607	608	0	0	0	5	4	10	80	65	8000000	69	65	65	85	85	1	
3
0	55	
1	0	
64	0	
4
0	7167	12	12	0	255	0	255	1	1	0	
6159	6159	0	255	0	255	0	255	1	1	0	
7181	7181	0	255	0	255	0	255	4	4	0	
7182	7182	0	255	0	255	0	255	4	4	0	
//=================================================================================================
0	33	49	3086	0	0	606	607	608	0	0	0	5	4	10	40	65	10000000	65	85	85	65	65	1	
1
0	40	
4
6344	6358	13	13	0	255	0	255	1	1	32	
6159	6159	0	255	0	255	0	255	1	1	0	
7181	7181	0	255	0	255	0	255	5	5	0	
7182	7182	0	255	0	255	0	255	5	5	0	
//=================================================================================================
0	34	49	3086	0	0	606	607	608	0	0	0	5	4	10	40	65	10000000	65	85	85	65	65	1	
1
0	40	
4
6361	6361	13	13	0	255	0	255	1	1	32	
6159	6159	0	255	0	255	0	255	1	1	0	
7181	7181	0	255	0	255	0	255	5	5	0	
7182	7182	0	255	0	255	0	255	5	5	0	
//=================================================================================================
0	35	49	3086	0	0	606	607	608	0	0	0	5	4	10	40	65	10000000	65	85	85	65	65	1	
1
0	40	
4
6450	6454	13	13	0	255	0	255	1	1	32	
6159	6159	0	255	0	255	0	255	1	1	0	
7181	7181	0	255	0	255	0	255	5	5	0	
7182	7182	0	255	0	255	0	255	5	5	0	
//=================================================================================================
0	36	49	3086	0	0	606	607	608	0	0	0	5	4	10	65	65	10000000	69	65	65	85	85	1	
3
0	40	
1	0	
64	0	
4
0	7167	13	13	0	255	0	255	1	1	1	
6159	6159	0	255	0	255	0	255	1	1	0	
7181	7181	0	255	0	255	0	255	5	5	0	
7182	7182	0	255	0	255	0	255	5	5	0	
//=================================================================================================
0	37	49	3086	0	0	606	607	608	0	0	0	5	4	10	65	65	10000000	69	65	65	85	85	1	
3
0	40	
1	0	
64	0	
4
0	7167	13	13	0	255	0	255	1	1	4	
6159	6159	0	255	0	255	0	255	1	1	0	
7181	7181	0	255	0	255	0	255	5	5	0	
7182	7182	0	255	0	255	0	255	5	5	0	
//=================================================================================================
0	38	49	3086	0	0	606	607	608	0	0	0	5	4	10	65	65	10000000	69	65	65	85	85	1	
3
0	40	
1	0	
64	0	
4
0	7167	13	13	0	255	0	255	1	1	2	
6159	6159	0	255	0	255	0	255	1	1	0	
7181	7181	0	255	0	255	0	255	5	5	0	
7182	7182	0	255	0	255	0	255	5	5	0	
//=================================================================================================
0	39	49	3086	0	0	606	607	608	0	0	0	5	4	10	55	65	10000000	69	65	65	85	85	1	
3
0	30	
1	0	
64	0	
4
0	7167	13	13	0	255	0	255	1	1	16	
6159	6159	0	255	0	255	0	255	1	1	0	
7181	7181	0	255	0	255	0	255	5	5	0	
7182	7182	0	255	0	255	0	255	5	5	0	
//=================================================================================================
0	40	49	3086	0	0	606	607	608	0	0	0	5	4	10	75	65	10000000	69	65	65	85	85	1	
3
0	50	
1	0	
64	0	
4
0	7167	13	13	0	255	0	255	1	1	0	
6159	6159	0	255	0	255	0	255	1	1	0	
7181	7181	0	255	0	255	0	255	5	5	0	
7182	7182	0	255	0	255	0	255	5	5	0	
//=================================================================================================
0	41	50	3087	0	0	606	607	608	0	0	0	5	4	10	30	65	12000000	65	85	85	65	65	1	
1
0	30	
4
6344	6358	14	14	0	255	0	255	1	1	32	
6159	6159	0	255	0	255	0	255	1	1	0	
7181	7181	0	255	0	255	0	255	6	6	0	
7182	7182	0	255	0	255	0	255	6	6	0	
//=================================================================================================
0	42	50	3087	0	0	606	607	608	0	0	0	5	4	10	30	65	12000000	65	85	85	65	65	1	
1
0	30	
4
6361	6361	14	14	0	255	0	255	1	1	32	
6159	6159	0	255	0	255	0	255	1	1	0	
7181	7181	0	255	0	255	0	255	6	6	0	
7182	7182	0	255	0	255	0	255	6	6	0	
//=================================================================================================
0	43	50	3087	0	0	606	607	608	0	0	0	5	4	10	30	65	12000000	65	85	85	65	65	1	
1
0	30	
4
6450	6454	14	14	0	255	0	255	1	1	32	
6159	6159	0	255	0	255	0	255	1	1	0	
7181	7181	0	255	0	255	0	255	6	6	0	
7182	7182	0	255	0	255	0	255	6	6	0	
//=================================================================================================
0	44	50	3087	0	0	606	607	608	0	0	0	5	4	10	65	65	12000000	69	65	65	85	85	1	
3
0	40	
1	0	
64	0	
4
0	7167	14	14	0	255	0	255	1	1	1	
6159	6159	0	255	0	255	0	255	1	1	0	
7181	7181	0	255	0	255	0	255	6	6	0	
7182	7182	0	255	0	255	0	255	6	6	0	
//=================================================================================================
0	45	50	3087	0	0	606	607	608	0	0	0	5	4	10	65	65	12000000	69	65	65	85	85	1	
3
0	40	
1	0	
64	0	
4
0	7167	14	14	0	255	0	255	1	1	4	
6159	6159	0	255	0	255	0	255	1	1	0	
7181	7181	0	255	0	255	0	255	6	6	0	
7182	7182	0	255	0	255	0	255	6	6	0	
//=================================================================================================
0	46	50	3087	0	0	606	607	608	0	0	0	5	4	10	65	65	12000000	69	65	65	85	85	1	
3
0	40	
1	0	
64	0	
4
0	7167	14	14	0	255	0	255	1	1	2	
6159	6159	0	255	0	255	0	255	1	1	0	
7181	7181	0	255	0	255	0	255	6	6	0	
7182	7182	0	255	0	255	0	255	6	6	0	
//=================================================================================================
0	47	50	3087	0	0	606	607	608	0	0	0	5	4	10	55	65	12000000	69	65	65	85	85	1	
3
0	30	
1	0	
64	0	
4
0	7167	14	14	0	255	0	255	1	1	16	
6159	6159	0	255	0	255	0	255	1	1	0	
7181	7181	0	255	0	255	0	255	6	6	0	
7182	7182	0	255	0	255	0	255	6	6	0	
//=================================================================================================
0	48	50	3087	0	0	606	607	608	0	0	0	5	4	10	75	65	12000000	69	65	65	85	85	1	
3
0	50	
1	0	
64	0	
4
0	7167	14	14	0	255	0	255	1	1	0	
6159	6159	0	255	0	255	0	255	1	1	0	
7181	7181	0	255	0	255	0	255	6	6	0	
7182	7182	0	255	0	255	0	255	6	6	0	
//=================================================================================================
0	49	11	614	0	0	610	611	0	0	0	0	5	4	10	100	66	10000	74	65	85	85	85	1	
7
5	0	
33	0	
4	0	
0	20000	
6	0	
1	0	
40	0	
5
1030	2567	4	255	4	255	0	255	1	1	0	
6159	6159	0	255	0	255	0	255	1	255	0	
7182	7182	0	255	0	255	0	255	0	255	0	
7181	7181	0	255	0	255	0	255	0	255	0	
6548	6548	0	255	0	255	0	255	0	255	0	
//=================================================================================================
0	50	7	614	0	0	2222	0	0	0	0	0	5	4	10	90	65	5000000	65	65	85	85	85	1	
8
7	0	
5	0	
34	0	
4	0	
0	4e+06	
6	0	
1	0	
40	0	
4
6144	6146	0	255	0	255	0	255	1	1	0	
6670	6670	0	0	0	255	0	255	1	1	0	
6159	6159	0	255	0	255	0	255	1	1	0	
6549	6549	0	255	0	255	0	255	0	255	0	
//=================================================================================================
0	51	7	614	0	0	2222	0	0	0	0	0	5	4	10	90	65	5000000	65	65	85	85	85	1	
8
7	0	
5	0	
34	0	
4	0	
0	4e+06	
6	0	
1	0	
40	0	
4
6185	6185	0	255	0	255	0	255	1	1	0	
6670	6670	0	0	0	255	0	255	1	1	0	
6159	6159	0	255	0	255	0	255	1	1	0	
6549	6549	0	255	0	255	0	255	0	255	0	
//=================================================================================================
0	52	5	612	0	0	610	611	0	0	0	0	1	1	10	70	65	500000	65	85	85	85	85	2	
1
32	0	
2
6658	6658	0	255	0	255	255	255	10	10	0	
6159	6159	0	255	0	255	0	255	1	1	0	
//=================================================================================================
0	53	8	615	0	0	610	611	0	600	0	0	2	2	50	80	65	50000	70	65	85	85	85	6	
1
32	0	
3
6672	6672	1	1	0	255	0	255	1	1	0	
6673	6673	1	1	0	255	0	255	1	1	0	
6159	6159	0	255	0	255	0	255	1	1	0	
//=================================================================================================
0	54	8	615	0	0	610	611	0	600	0	0	2	2	50	80	65	80000	70	65	85	85	85	6	
1
32	0	
3
6672	6672	2	2	0	255	0	255	1	1	0	
6673	6673	2	2	0	255	0	255	1	1	0	
6159	6159	0	255	0	255	0	255	1	1	0	
//=================================================================================================
0	55	8	615	0	0	610	611	0	600	0	0	2	2	50	80	65	150000	70	65	85	85	85	6	
1
32	0	
3
6672	6672	3	3	0	255	0	255	1	1	0	
6673	6673	3	3	0	255	0	255	1	1	0	
6159	6159	0	255	0	255	0	255	1	1	0	
//=================================================================================================
0	56	8	615	0	0	610	611	0	600	0	0	2	2	50	80	65	250000	70	65	85	85	85	6	
1
32	0	
3
6672	6672	4	4	0	255	0	255	1	1	0	
6673	6673	4	4	0	255	0	255	1	1	0	
6159	6159	0	255	0	255	0	255	1	1	0	
//=================================================================================================
0	57	8	615	0	0	610	611	0	600	0	0	2	2	50	80	65	400000	70	65	85	85	85	6	
1
32	0	
3
6672	6672	5	5	0	255	0	255	1	1	0	
6673	6673	5	5	0	255	0	255	1	1	0	
6159	6159	0	255	0	255	0	255	1	1	0	
//=================================================================================================
0	58	8	615	0	0	610	611	0	600	0	0	2	2	50	80	65	600000	70	65	85	85	85	6	
1
32	0	
3
6672	6672	6	6	0	255	0	255	1	1	0	
6673	6673	6	6	0	255	0	255	1	1	0	
6159	6159	0	255	0	255	0	255	1	1	0	
//=================================================================================================
0	59	8	615	0	0	610	611	0	600	0	0	2	2	50	80	65	850000	70	65	85	85	85	6	
1
32	0	
3
6672	6672	7	7	0	255	0	255	1	1	0	
6673	6673	7	7	0	255	0	255	1	1	0	
6159	6159	0	255	0	255	0	255	1	1	0	
//=================================================================================================
0	60	2	603	0	0	610	611	0	600	0	0	1	1	10	60	65	100000	70	65	85	85	85	8	
1
32	0	
3
7185	7185	0	0	0	255	0	255	1	1	0	
7186	7186	0	0	0	255	0	255	1	1	0	
6159	6159	0	255	0	255	0	255	1	1	0	
//=================================================================================================
0	61	2	603	0	0	610	611	0	600	0	0	1	1	10	80	65	100000	70	65	85	85	85	8	
1
32	0	
3
7185	7185	1	1	0	255	0	255	1	1	0	
7186	7186	1	1	0	255	0	255	1	1	0	
6159	6159	0	255	0	255	0	255	1	1	0	
//=================================================================================================
0	62	2	603	0	0	610	611	0	600	0	0	1	1	10	80	65	200000	70	65	85	85	85	8	
1
32	0	
3
7185	7185	2	2	0	255	0	255	1	1	0	
7186	7186	2	2	0	255	0	255	1	1	0	
6159	6159	0	255	0	255	0	255	1	1	0	
//=================================================================================================
0	63	2	603	0	0	610	611	0	600	0	0	1	1	10	80	65	400000	70	65	85	85	85	8	
1
32	0	
3
7185	7185	3	3	0	255	0	255	1	1	0	
7186	7186	3	3	0	255	0	255	1	1	0	
6159	6159	0	255	0	255	0	255	1	1	0	
//=================================================================================================
0	64	2	603	0	0	610	611	0	600	0	0	1	1	10	80	65	700000	70	65	85	85	85	8	
1
32	0	
3
7185	7185	4	4	0	255	0	255	1	1	0	
7186	7186	4	4	0	255	0	255	1	1	0	
6159	6159	0	255	0	255	0	255	1	1	0	
//=================================================================================================
0	65	2	603	0	0	610	611	0	600	0	0	1	1	10	70	65	1100000	70	65	85	85	85	8	
1
32	0	
3
7185	7185	5	5	0	255	0	255	1	1	0	
7186	7186	5	5	0	255	0	255	1	1	0	
6159	6159	0	255	0	255	0	255	1	1	0	
//=================================================================================================
0	66	2	603	0	0	610	611	0	600	0	0	1	1	10	70	65	1600000	70	65	85	85	85	8	
1
32	0	
3
7185	7185	6	6	0	255	0	255	1	1	0	
7186	7186	6	6	0	255	0	255	1	1	0	
6159	6159	0	255	0	255	0	255	1	1	0	
//=================================================================================================
0	67	2	603	0	0	610	611	0	600	0	0	1	1	10	70	65	2000000	70	65	85	85	85	8	
1
32	0	
3
7185	7185	7	7	0	255	0	255	1	1	0	
7186	7186	7	7	0	255	0	255	1	1	0	
6159	6159	0	255	0	255	0	255	1	1	0	
//=================================================================================================
0	68	24	1172	0	0	610	611	0	0	0	0	3	3	10	90	65	5000000	65	65	85	85	85	1	
8
7	0	
5	0	
34	0	
4	0	
0	4e+06	
6	0	
1	0	
40	0	
4
6144	6146	0	255	0	255	0	255	1	1	0	
6670	6670	1	1	0	255	0	255	1	1	0	
6159	6159	0	255	0	255	0	255	1	1	0	
6549	6549	0	255	0	255	0	255	0	255	0	
//=================================================================================================
0	69	24	1172	0	0	610	611	0	0	0	0	3	3	10	90	65	5000000	65	65	85	85	85	1	
8
7	0	
5	0	
34	0	
4	0	
0	4e+06	
6	0	
1	0	
40	0	
4
6185	6185	0	255	0	255	0	255	1	1	0	
6670	6670	1	1	0	255	0	255	1	1	0	
6159	6159	0	255	0	255	0	255	1	1	0	
6549	6549	0	255	0	255	0	255	0	255	0	
//=================================================================================================
0	70	25	1921	1412	0	610	611	0	0	0	0	1	1	10	70	65	0	65	65	85	85	85	1	
1
32	0	
3
6688	6688	0	255	0	255	20	20	1	1	0	
6689	6689	0	255	0	255	20	20	1	1	0	
6159	6159	0	255	0	255	0	255	1	1	0	
//=================================================================================================
0	71	26	1922	1412	0	610	611	0	0	0	0	2	2	10	50	65	0	65	65	85	85	85	1	
1
32	0	
3
6690	6690	0	255	0	255	10	10	1	1	0	
6691	6691	0	255	0	255	0	255	5	5	0	
6159	6159	0	255	0	255	0	255	1	1	0	
//=================================================================================================
0	72	27	1923	1412	0	610	611	0	0	0	0	2	2	10	30	65	10000000	65	65	85	85	85	1	
1
32	0	
3
6692	6692	0	255	0	255	0	255	1	1	0	
7184	7184	0	255	0	255	0	255	3	3	0	
6159	6159	0	255	0	255	0	255	1	1	0	
//=================================================================================================
0	73	28	1923	1863	1412	610	611	0	0	0	0	2	2	10	79	65	10000000	68	65	85	85	85	1	
11
5	0	
5	0	
36	0	
3	0	
0	100	
6	0	
4	0	
0	1e+06	
6	0	
1	0	
40	0	
5
6693	6693	0	255	0	255	0	255	1	1	0	
7184	7184	0	255	0	255	0	255	5	5	0	
6159	6159	0	255	0	255	0	255	1	1	0	
0	3071	0	255	0	255	0	255	1	1	0	
6548	6550	0	255	0	255	0	255	0	255	0	
//=================================================================================================
0	74	28	1923	1864	1412	610	611	0	0	0	0	2	2	10	79	65	10000000	68	65	85	85	85	1	
11
5	0	
5	0	
36	0	
3	0	
0	100	
6	0	
4	0	
0	1e+06	
6	0	
1	0	
40	0	
5
6693	6693	0	255	0	255	0	255	1	1	0	
7184	7184	0	255	0	255	0	255	5	5	0	
6159	6159	0	255	0	255	0	255	1	1	0	
3072	6143	0	255	0	255	0	255	1	1	0	
6548	6550	0	255	0	255	0	255	0	255	0	
//=================================================================================================
0	75	30	2038	1412	0	610	611	0	0	0	0	1	1	10	50	65	100000	65	65	85	85	85	32	
1
32	0	
1
7171	7171	0	255	0	255	0	255	3	3	0	
//=================================================================================================
0	76	31	2038	1412	0	610	611	0	0	0	0	1	1	10	30	65	500000	65	65	85	85	85	32	
1
32	0	
1
7206	7206	0	255	0	255	0	255	3	3	0	
//=================================================================================================
0	77	32	2038	1412	0	610	611	0	0	0	0	1	1	10	30	65	1000000	65	65	85	85	85	32	
1
32	0	
1
7207	7207	0	255	0	255	0	255	3	3	0	
//=================================================================================================
0	78	15	1413	1412	0	0	0	0	0	0	0	1	1	10	100	67	100000	65	85	85	85	85	25	
1
32	0	
1
7181	7181	0	255	0	255	0	255	1	1	0	
//=================================================================================================
0	79	16	1414	1412	0	0	0	0	0	0	0	1	1	10	100	67	50000	65	85	85	85	85	25	
1
32	0	
1
7182	7182	0	255	0	255	0	255	1	1	0	
//=================================================================================================
0	80	17	1415	1412	0	0	0	0	0	0	0	1	1	10	100	65	5000000	65	85	85	85	85	1	
1
32	0	
4
7181	7181	0	255	0	255	0	255	5	5	0	
7182	7182	0	255	0	255	0	255	5	5	0	
7199	7199	0	255	0	255	0	255	1	1	0	
6159	6159	0	255	0	255	0	255	1	1	0	
//=================================================================================================
0	81	37	2396	1412	0	610	611	0	600	0	0	2	2	10	70	65	3000000	70	65	85	85	85	1	
1
32	0	
3
6705	6705	1	1	0	255	0	255	1	1	0	
6706	6706	1	1	0	255	0	255	1	1	0	
6159	6159	0	255	0	255	0	255	1	1	0	
//=================================================================================================
0	82	37	2396	1412	0	610	611	0	600	0	0	2	2	10	70	65	5000000	70	65	85	85	85	1	
1
32	0	
3
6705	6705	2	2	0	255	0	255	1	1	0	
6706	6706	2	2	0	255	0	255	1	1	0	
6159	6159	0	255	0	255	0	255	1	1	0	
//=================================================================================================
0	83	37	2396	1412	0	610	611	0	600	0	0	2	2	10	70	65	7000000	70	65	85	85	85	1	
1
32	0	
3
6705	6705	3	3	0	255	0	255	1	1	0	
6706	6706	3	3	0	255	0	255	1	1	0	
6159	6159	0	255	0	255	0	255	1	1	0	
//=================================================================================================
0	84	37	2396	1412	0	610	611	0	600	0	0	2	2	10	70	65	9000000	70	65	85	85	85	1	
1
32	0	
3
6705	6705	4	4	0	255	0	255	1	1	0	
6706	6706	4	4	0	255	0	255	1	1	0	
6159	6159	0	255	0	255	0	255	1	1	0	
//=================================================================================================
0	85	37	2396	1412	0	610	611	0	600	0	0	2	2	10	70	65	11000000	70	65	85	85	85	1	
1
32	0	
3
6705	6705	5	5	0	255	0	255	1	1	0	
6706	6706	5	5	0	255	0	255	1	1	0	
6159	6159	0	255	0	255	0	255	1	1	0	
//=================================================================================================
0	86	37	2396	1412	0	610	611	0	600	0	0	2	2	10	70	65	13000000	70	65	85	85	85	1	
1
32	0	
3
6705	6705	6	6	0	255	0	255	1	1	0	
6706	6706	6	6	0	255	0	255	1	1	0	
6159	6159	0	255	0	255	0	255	1	1	0	
//=================================================================================================
0	87	38	1666	1412	0	2222	0	0	0	0	0	2	1	10	60	66	200000	65	65	85	85	85	1	
1
40	0	
5
6147	6150	9	255	4	255	0	255	1	1	0	
6159	6159	0	255	0	255	0	255	1	1	0	
6175	6175	0	0	0	255	0	255	1	1	0	
7190	7190	0	255	0	255	0	255	1	1	0	
6550	6550	0	255	0	255	0	255	1	255	0	
//=================================================================================================
0	88	38	1666	1412	0	2222	0	0	0	0	0	2	1	10	60	66	200000	65	65	85	85	85	1	
1
40	0	
5
6686	6686	9	255	4	255	0	255	1	1	0	
6159	6159	0	255	0	255	0	255	1	1	0	
6175	6175	0	0	0	255	0	255	1	1	0	
7190	7190	0	255	0	255	0	255	1	1	0	
6550	6550	0	255	0	255	0	255	1	255	0	
//=================================================================================================
0	89	38	1666	1412	0	2222	0	0	0	0	0	2	1	10	60	66	200000	65	65	85	85	85	1	
1
40	0	
5
6186	6186	9	255	4	255	0	255	1	1	0	
6159	6159	0	255	0	255	0	255	1	1	0	
6175	6175	0	0	0	255	0	255	1	1	0	
7190	7190	0	255	0	255	0	255	1	1	0	
6550	6550	0	255	0	255	0	255	1	255	0	
//=================================================================================================
0	90	38	1666	1412	0	2222	0	0	0	0	0	2	1	10	60	66	200000	65	65	85	85	85	1	
1
40	0	
5
6193	6193	9	255	4	255	0	255	1	1	0	
6159	6159	0	255	0	255	0	255	1	1	0	
6175	6175	0	0	0	255	0	255	1	1	0	
7190	7190	0	255	0	255	0	255	1	1	0	
6550	6550	0	255	0	255	0	255	1	255	0	
//=================================================================================================
0	91	38	1666	1412	0	2222	0	0	0	0	0	2	1	10	60	66	200000	65	65	85	85	85	1	
1
40	0	
5
6413	6413	9	255	4	255	0	255	1	1	0	
6159	6159	0	255	0	255	0	255	1	1	0	
6175	6175	0	0	0	255	0	255	1	1	0	
7190	7190	0	255	0	255	0	255	1	1	0	
6550	6550	0	255	0	255	0	255	1	255	0	
//=================================================================================================
0	92	56	3755	1412	0	610	611	0	0	0	0	4	4	10	60	66	100000	65	65	85	85	85	1	
6
7	0	
5	0	
34	0	
4	0	
0	9e+06	
6	0	
4
6147	6150	0	255	0	255	0	255	1	1	0	
7344	7347	0	255	0	255	0	255	1	1	0	
7190	7190	0	255	0	255	0	255	1	1	0	
6159	6159	0	255	0	255	0	255	1	1	0	
//=================================================================================================
0	93	56	3755	1412	0	610	611	0	0	0	0	4	4	10	60	66	100000	65	65	85	85	85	1	
6
7	0	
5	0	
34	0	
4	0	
0	9e+06	
6	0	
4
6186	6186	0	255	0	255	0	255	1	1	0	
7344	7347	0	255	0	255	0	255	1	1	0	
7190	7190	0	255	0	255	0	255	1	1	0	
6159	6159	0	255	0	255	0	255	1	1	0	
//=================================================================================================
0	94	56	3755	1412	0	610	611	0	0	0	0	4	4	10	60	66	100000	65	65	85	85	85	1	
6
7	0	
5	0	
34	0	
4	0	
0	9e+06	
6	0	
4
6193	6193	0	255	0	255	0	255	1	1	0	
7344	7347	0	255	0	255	0	255	1	1	0	
7190	7190	0	255	0	255	0	255	1	1	0	
6159	6159	0	255	0	255	0	255	1	1	0	
//=================================================================================================
0	95	56	3755	1412	0	610	611	0	0	0	0	4	4	10	60	66	100000	65	65	85	85	85	1	
6
7	0	
5	0	
34	0	
4	0	
0	9e+06	
6	0	
4
6686	6686	0	255	0	255	0	255	1	1	0	
7344	7347	0	255	0	255	0	255	1	1	0	
7190	7190	0	255	0	255	0	255	1	1	0	
6159	6159	0	255	0	255	0	255	1	1	0	
//=================================================================================================
0	96	56	3755	1412	0	610	611	0	0	0	0	4	4	10	60	66	100000	65	65	85	85	85	1	
6
7	0	
5	0	
34	0	
4	0	
0	9e+06	
6	0	
4
6413	6413	0	255	0	255	0	255	1	1	0	
7344	7347	0	255	0	255	0	255	1	1	0	
7190	7190	0	255	0	255	0	255	1	1	0	
6159	6159	0	255	0	255	0	255	1	1	0	
//=================================================================================================
0	97	39	1667	1412	0	2222	0	0	0	0	0	5	4	10	40	66	200000	65	65	85	85	85	1	
1
40	0	
7
6709	6709	0	255	0	255	0	255	1	1	0	
6708	6708	0	255	0	255	0	255	1	1	0	
6285	6285	2	2	0	255	0	255	1	1	0	
6174	6174	2	2	0	255	0	255	1	1	0	
6175	6175	2	2	0	255	0	255	1	1	0	
6281	6281	2	2	0	255	0	255	1	1	0	
6549	6549	0	255	0	255	0	255	1	255	0	
//=================================================================================================
0	98	75	4484	1412	0	0	0	0	0	0	0	5	4	10	100	65	10000000	65	65	65	85	85	1	
1
32	0	
5
6932	6932	0	255	0	255	0	255	1	1	0	
6174	6174	0	0	0	255	0	255	1	1	0	
6175	6175	0	0	0	255	0	255	1	1	0	
6280	6280	0	0	0	255	0	255	1	1	0	
6159	6159	0	255	0	255	0	255	1	1	0	
//=================================================================================================
0	99	76	4484	1412	0	0	0	0	0	0	0	5	4	10	100	65	10000000	65	65	65	85	85	1	
1
32	0	
5
6933	6933	0	255	0	255	0	255	1	1	0	
6174	6174	0	0	0	255	0	255	1	1	0	
6175	6175	0	0	0	255	0	255	1	1	0	
6280	6280	0	0	0	255	0	255	1	1	0	
6159	6159	0	255	0	255	0	255	1	1	0	
//=================================================================================================
0	100	77	4667	0	0	4680	0	0	0	0	0	4	4	10	80	65	0	65	85	85	85	85	1	
1
32	0	
1
3585	3585	11	255	0	255	0	255	1	1	4	
//=================================================================================================
0	101	77	4667	0	0	4680	0	0	0	0	0	4	4	10	80	65	0	65	85	85	85	85	1	
1
32	0	
1
3587	3587	11	255	0	255	0	255	1	1	4	
//=================================================================================================
0	102	77	4667	0	0	4680	0	0	0	0	0	4	4	10	80	65	0	65	85	85	85	85	1	
1
32	0	
1
3598	3598	11	255	0	255	0	255	1	1	4	
//=================================================================================================
0	103	77	4667	0	0	4680	0	0	0	0	0	4	4	10	80	65	0	65	85	85	85	85	1	
1
32	0	
1
3610	3610	11	255	0	255	0	255	1	1	4	
//=================================================================================================
0	104	77	4667	0	0	4680	0	0	0	0	0	4	4	10	80	65	0	65	85	85	85	85	1	
1
32	0	
1
3624	3624	11	255	0	255	0	255	1	1	4	
//=================================================================================================
0	105	77	4667	0	0	4680	0	0	0	0	0	4	4	10	80	65	0	65	85	85	85	85	1	
1
32	0	
1
3643	3643	11	255	0	255	0	255	1	1	4	
//=================================================================================================
0	106	77	4667	0	0	4680	0	0	0	0	0	4	4	10	80	65	0	65	85	85	85	85	1	
1
32	0	
1
3678	3678	11	255	0	255	0	255	1	1	4	
//=================================================================================================
0	107	77	4667	0	0	4680	0	0	0	0	0	4	4	10	80	65	0	65	85	85	85	85	1	
1
32	0	
1
3679	3679	11	255	0	255	0	255	1	1	4	
//=================================================================================================
0	108	77	4667	0	0	4680	0	0	0	0	0	4	4	10	80	65	0	65	85	85	85	85	1	
1
32	0	
1
4097	4097	11	255	0	255	0	255	1	1	4	
//=================================================================================================
0	109	77	4667	0	0	4680	0	0	0	0	0	4	4	10	80	65	0	65	85	85	85	85	1	
1
32	0	
1
4099	4099	11	255	0	255	0	255	1	1	4	
//=================================================================================================
0	110	77	4667	0	0	4680	0	0	0	0	0	4	4	10	80	65	0	65	85	85	85	85	1	
1
32	0	
1
4110	4110	11	255	0	255	0	255	1	1	4	
//=================================================================================================
0	111	77	4667	0	0	4680	0	0	0	0	0	4	4	10	80	65	0	65	85	85	85	85	1	
1
32	0	
1
4111	4111	11	255	0	255	0	255	1	1	4	
//=================================================================================================
0	112	77	4667	0	0	4680	0	0	0	0	0	4	4	10	80	65	0	65	85	85	85	85	1	
1
32	0	
1
4122	4122	11	255	0	255	0	255	1	1	4	
//=================================================================================================
0	113	77	4667	0	0	4680	0	0	0	0	0	4	4	10	80	65	0	65	85	85	85	85	1	
1
32	0	
1
4136	4136	11	255	0	255	0	255	1	1	4	
//=================================================================================================
0	114	77	4667	0	0	4680	0	0	0	0	0	4	4	10	80	65	0	65	85	85	85	85	1	
1
32	0	
1
4155	4155	11	255	0	255	0	255	1	1	4	
//=================================================================================================
0	115	77	4667	0	0	4680	0	0	0	0	0	4	4	10	80	65	0	65	85	85	85	85	1	
1
32	0	
1
4190	4190	11	255	0	255	0	255	1	1	4	
//=================================================================================================
0	116	77	4667	0	0	4680	0	0	0	0	0	4	4	10	80	65	0	65	85	85	85	85	1	
1
32	0	
1
4191	4191	11	255	0	255	0	255	1	1	4	
//=================================================================================================
0	117	77	4667	0	0	4680	0	0	0	0	0	4	4	10	80	65	0	65	85	85	85	85	1	
1
32	0	
1
4609	4609	11	255	0	255	0	255	1	1	4	
//=================================================================================================
0	118	77	4667	0	0	4680	0	0	0	0	0	4	4	10	80	65	0	65	85	85	85	85	1	
1
32	0	
1
4611	4611	11	255	0	255	0	255	1	1	4	
//=================================================================================================
0	119	77	4667	0	0	4680	0	0	0	0	0	4	4	10	80	65	0	65	85	85	85	85	1	
1
32	0	
1
4622	4622	11	255	0	255	0	255	1	1	4	
//=================================================================================================
0	120	77	4667	0	0	4680	0	0	0	0	0	4	4	10	80	65	0	65	85	85	85	85	1	
1
32	0	
1
4623	4623	11	255	0	255	0	255	1	1	4	
//=================================================================================================
0	121	77	4667	0	0	4680	0	0	0	0	0	4	4	10	80	65	0	65	85	85	85	85	1	
1
32	0	
1
4634	4634	11	255	0	255	0	255	1	1	4	
//=================================================================================================
0	122	77	4667	0	0	4680	0	0	0	0	0	4	4	10	80	65	0	65	85	85	85	85	1	
1
32	0	
1
4648	4648	11	255	0	255	0	255	1	1	4	
//=================================================================================================
0	123	77	4667	0	0	4680	0	0	0	0	0	4	4	10	80	65	0	65	85	85	85	85	1	
1
32	0	
1
4667	4667	11	255	0	255	0	255	1	1	4	
//=================================================================================================
0	124	77	4667	0	0	4680	0	0	0	0	0	4	4	10	80	65	0	65	85	85	85	85	1	
1
32	0	
1
4702	4702	11	255	0	255	0	255	1	1	4	
//=================================================================================================
0	125	77	4667	0	0	4680	0	0	0	0	0	4	4	10	80	65	0	65	85	85	85	85	1	
1
32	0	
1
4703	4703	11	255	0	255	0	255	1	1	4	
//=================================================================================================
0	126	77	4667	0	0	4680	0	0	0	0	0	4	4	10	80	65	0	65	85	85	85	85	1	
1
32	0	
1
5121	5121	11	255	0	255	0	255	1	1	4	
//=================================================================================================
0	127	77	4667	0	0	4680	0	0	0	0	0	4	4	10	80	65	0	65	85	85	85	85	1	
1
32	0	
1
5123	5123	11	255	0	255	0	255	1	1	4	
//=================================================================================================
0	128	77	4667	0	0	4680	0	0	0	0	0	4	4	10	80	65	0	65	85	85	85	85	1	
1
32	0	
1
5134	5134	11	255	0	255	0	255	1	1	4	
//=================================================================================================
0	129	77	4667	0	0	4680	0	0	0	0	0	4	4	10	80	65	0	65	85	85	85	85	1	
1
32	0	
1
5135	5135	11	255	0	255	0	255	1	1	4	
//=================================================================================================
0	130	77	4667	0	0	4680	0	0	0	0	0	4	4	10	80	65	0	65	85	85	85	85	1	
1
32	0	
1
5146	5146	11	255	0	255	0	255	1	1	4	
//=================================================================================================
0	131	77	4667	0	0	4680	0	0	0	0	0	4	4	10	80	65	0	65	85	85	85	85	1	
1
32	0	
1
5160	5160	11	255	0	255	0	255	1	1	4	
//=================================================================================================
0	132	77	4667	0	0	4680	0	0	0	0	0	4	4	10	80	65	0	65	85	85	85	85	1	
1
32	0	
1
5214	5214	11	255	0	255	0	255	1	1	4	
//=================================================================================================
0	133	77	4667	0	0	4680	0	0	0	0	0	4	4	10	80	65	0	65	85	85	85	85	1	
1
32	0	
1
5215	5215	11	255	0	255	0	255	1	1	4	
//=================================================================================================
0	134	77	4667	0	0	4680	0	0	0	0	0	4	4	10	80	65	0	65	85	85	85	85	1	
1
32	0	
1
5633	5633	11	255	0	255	0	255	1	1	4	
//=================================================================================================
0	135	77	4667	0	0	4680	0	0	0	0	0	4	4	10	80	65	0	65	85	85	85	85	1	
1
32	0	
1
5635	5635	11	255	0	255	0	255	1	1	4	
//=================================================================================================
0	136	77	4667	0	0	4680	0	0	0	0	0	4	4	10	80	65	0	65	85	85	85	85	1	
1
32	0	
1
5646	5646	11	255	0	255	0	255	1	1	4	
//=================================================================================================
0	137	77	4667	0	0	4680	0	0	0	0	0	4	4	10	80	65	0	65	85	85	85	85	1	
1
32	0	
1
5647	5647	11	255	0	255	0	255	1	1	4	
//=================================================================================================
0	138	77	4667	0	0	4680	0	0	0	0	0	4	4	10	80	65	0	65	85	85	85	85	1	
1
32	0	
1
5658	5658	11	255	0	255	0	255	1	1	4	
//=================================================================================================
0	139	77	4667	0	0	4680	0	0	0	0	0	4	4	10	80	65	0	65	85	85	85	85	1	
1
32	0	
1
5672	5672	11	255	0	255	0	255	1	1	4	
//=================================================================================================
0	140	77	4667	0	0	4680	0	0	0	0	0	4	4	10	80	65	0	65	85	85	85	85	1	
1
32	0	
1
5691	5691	11	255	0	255	0	255	1	1	4	
//=================================================================================================
0	141	77	4667	0	0	4680	0	0	0	0	0	4	4	10	80	65	0	65	85	85	85	85	1	
1
32	0	
1
5726	5726	11	255	0	255	0	255	1	1	4	
//=================================================================================================
0	142	77	4667	0	0	4680	0	0	0	0	0	4	4	10	80	65	0	65	85	85	85	85	1	
1
32	0	
1
5727	5727	11	255	0	255	0	255	1	1	4	
//=================================================================================================
0	143	78	4668	0	0	4681	0	0	0	0	0	4	4	10	100	65	0	65	85	85	85	85	1	
1
32	0	
2
7007	7007	0	255	0	255	0	255	1	1	0	
7063	7063	0	255	0	255	0	255	1	1	0	
//=================================================================================================
0	144	79	4669	0	0	4681	0	0	0	0	0	4	4	10	100	65	0	65	85	85	85	85	1	
1
32	0	
2
7008	7008	0	255	0	255	0	255	1	1	0	
7063	7063	0	255	0	255	0	255	1	1	0	
//=================================================================================================
0	145	80	4670	0	0	4681	0	0	0	0	0	4	4	10	100	65	0	65	85	85	85	85	1	
1
32	0	
2
7009	7009	0	255	0	255	0	255	1	1	0	
7063	7063	0	255	0	255	0	255	1	1	0	
//=================================================================================================
0	146	81	4671	0	0	4681	0	0	0	0	0	4	4	10	100	65	0	65	85	85	85	85	1	
1
32	0	
2
7010	7010	0	255	0	255	0	255	1	1	0	
7063	7063	0	255	0	255	0	255	1	1	0	
//=================================================================================================
0	147	82	4668	0	0	4681	0	0	0	0	0	4	4	10	100	65	0	65	85	85	85	85	1	
1
32	0	
2
7011	7011	0	255	0	255	0	255	1	1	0	
7063	7063	0	255	0	255	0	255	1	1	0	
//=================================================================================================
0	148	83	4669	0	0	4681	0	0	0	0	0	4	4	10	100	65	0	65	85	85	85	85	1	
1
32	0	
2
7012	7012	0	255	0	255	0	255	1	1	0	
7063	7063	0	255	0	255	0	255	1	1	0	
//=================================================================================================
0	149	84	4670	0	0	4681	0	0	0	0	0	4	4	10	100	65	0	65	85	85	85	85	1	
1
32	0	
2
7013	7013	0	255	0	255	0	255	1	1	0	
7063	7063	0	255	0	255	0	255	1	1	0	
//=================================================================================================
0	150	85	4671	0	0	4681	0	0	0	0	0	4	4	10	100	65	0	65	85	85	85	85	1	
1
32	0	
2
7014	7014	0	255	0	255	0	255	1	1	0	
7063	7063	0	255	0	255	0	255	1	1	0	
//=================================================================================================
0	151	86	4668	0	0	4681	0	0	0	0	0	4	4	10	100	65	0	65	85	85	85	85	1	
1
32	0	
2
7015	7015	0	255	0	255	0	255	1	1	0	
7063	7063	0	255	0	255	0	255	1	1	0	
//=================================================================================================
0	152	87	4669	0	0	4681	0	0	0	0	0	4	4	10	100	65	0	65	85	85	85	85	1	
1
32	0	
2
7016	7016	0	255	0	255	0	255	1	1	0	
7063	7063	0	255	0	255	0	255	1	1	0	
//=================================================================================================
0	153	88	4670	0	0	4681	0	0	0	0	0	4	4	10	100	65	0	65	85	85	85	85	1	
1
32	0	
2
7017	7017	0	255	0	255	0	255	1	1	0	
7063	7063	0	255	0	255	0	255	1	1	0	
//=================================================================================================
0	154	89	4672	0	0	4681	0	0	0	0	0	4	4	10	100	65	0	65	85	85	85	85	1	
1
32	0	
2
7018	7018	0	255	0	255	0	255	1	1	0	
7063	7063	0	255	0	255	0	255	1	1	0	
//=================================================================================================
0	155	90	4668	0	0	4681	0	0	0	0	0	4	4	10	100	65	0	65	85	85	85	85	1	
1
32	0	
2
7019	7019	0	255	0	255	0	255	1	1	0	
7063	7063	0	255	0	255	0	255	1	1	0	
//=================================================================================================
0	156	91	4669	0	0	4681	0	0	0	0	0	4	4	10	100	65	0	65	85	85	85	85	1	
1
32	0	
2
7020	7020	0	255	0	255	0	255	1	1	0	
7063	7063	0	255	0	255	0	255	1	1	0	
//=================================================================================================
0	157	92	4670	0	0	4681	0	0	0	0	0	4	4	10	100	65	0	65	85	85	85	85	1	
1
32	0	
2
7021	7021	0	255	0	255	0	255	1	1	0	
7063	7063	0	255	0	255	0	255	1	1	0	
//=================================================================================================
0	158	93	4672	0	0	4681	0	0	0	0	0	4	4	10	100	65	0	65	85	85	85	85	1	
1
32	0	
2
7022	7022	0	255	0	255	0	255	1	1	0	
7063	7063	0	255	0	255	0	255	1	1	0	
//=================================================================================================
0	159	98	4668	0	0	4681	0	0	0	0	0	4	4	10	100	65	0	65	85	85	85	85	1	
1
32	0	
2
7027	7027	0	255	0	255	0	255	1	1	0	
7063	7063	0	255	0	255	0	255	1	1	0	
//=================================================================================================
0	160	99	4671	0	0	4681	0	0	0	0	0	4	4	10	100	65	0	65	85	85	85	85	1	
1
32	0	
2
7028	7028	0	255	0	255	0	255	1	1	0	
7063	7063	0	255	0	255	0	255	1	1	0	
//=================================================================================================
0	161	100	4670	0	0	4681	0	0	0	0	0	4	4	10	100	65	0	65	85	85	85	85	1	
1
32	0	
2
7029	7029	0	255	0	255	0	255	1	1	0	
7063	7063	0	255	0	255	0	255	1	1	0	
//=================================================================================================
0	162	101	4672	0	0	4681	0	0	0	0	0	4	4	10	100	65	0	65	85	85	85	85	1	
1
32	0	
2
7030	7030	0	255	0	255	0	255	1	1	0	
7063	7063	0	255	0	255	0	255	1	1	0	
//=================================================================================================
0	163	106	4668	0	0	4681	0	0	0	0	0	4	4	10	100	65	0	65	85	85	85	85	1	
1
32	0	
2
7035	7035	0	255	0	255	0	255	1	1	0	
7063	7063	0	255	0	255	0	255	1	1	0	
//=================================================================================================
0	164	107	4669	0	0	4681	0	0	0	0	0	4	4	10	100	65	0	65	85	85	85	85	1	
1
32	0	
2
7036	7036	0	255	0	255	0	255	1	1	0	
7063	7063	0	255	0	255	0	255	1	1	0	
//=================================================================================================
0	165	108	4670	0	0	4681	0	0	0	0	0	4	4	10	100	65	0	65	85	85	85	85	1	
1
32	0	
2
7037	7037	0	255	0	255	0	255	1	1	0	
7063	7063	0	255	0	255	0	255	1	1	0	
//=================================================================================================
0	166	109	4672	0	0	4681	0	0	0	0	0	4	4	10	100	65	0	65	85	85	85	85	1	
1
32	0	
2
7038	7038	0	255	0	255	0	255	1	1	0	
7063	7063	0	255	0	255	0	255	1	1	0	
//=================================================================================================
0	167	110	4668	0	0	4681	0	0	0	0	0	4	4	10	100	65	0	65	85	85	85	85	1	
1
32	0	
2
7039	7039	0	255	0	255	0	255	1	1	0	
7063	7063	0	255	0	255	0	255	1	1	0	
//=================================================================================================
0	168	111	4669	0	0	4681	0	0	0	0	0	4	4	10	100	65	0	65	85	85	85	85	1	
1
32	0	
2
7040	7040	0	255	0	255	0	255	1	1	0	
7063	7063	0	255	0	255	0	255	1	1	0	
//=================================================================================================
0	169	112	4670	0	0	4681	0	0	0	0	0	4	4	10	100	65	0	65	85	85	85	85	1	
1
32	0	
2
7041	7041	0	255	0	255	0	255	1	1	0	
7063	7063	0	255	0	255	0	255	1	1	0	
//=================================================================================================
0	170	113	4672	0	0	4681	0	0	0	0	0	4	4	10	100	65	0	65	85	85	85	85	1	
1
32	0	
2
7042	7042	0	255	0	255	0	255	1	1	0	
7063	7063	0	255	0	255	0	255	1	1	0	
//=================================================================================================
0	171	114	4668	0	0	4681	0	0	0	0	0	4	4	10	100	65	0	65	85	85	85	85	1	
1
32	0	
2
7043	7043	0	255	0	255	0	255	1	1	0	
7063	7063	0	255	0	255	0	255	1	1	0	
//=================================================================================================
0	172	115	4669	0	0	4681	0	0	0	0	0	4	4	10	100	65	0	65	85	85	85	85	1	
1
32	0	
2
7044	7044	0	255	0	255	0	255	1	1	0	
7063	7063	0	255	0	255	0	255	1	1	0	
//=================================================================================================
0	173	116	4670	0	0	4681	0	0	0	0	0	4	4	10	100	65	0	65	85	85	85	85	1	
1
32	0	
2
7045	7045	0	255	0	255	0	255	1	1	0	
7063	7063	0	255	0	255	0	255	1	1	0	
//=================================================================================================
0	174	117	4672	0	0	4681	0	0	0	0	0	4	4	10	100	65	0	65	85	85	85	85	1	
1
32	0	
2
7046	7046	0	255	0	255	0	255	1	1	0	
7063	7063	0	255	0	255	0	255	1	1	0	
//=================================================================================================
0	175	118	4668	0	0	4681	0	0	0	0	0	4	4	10	100	65	0	65	85	85	85	85	1	
1
32	0	
2
7047	7047	0	255	0	255	0	255	1	1	0	
7063	7063	0	255	0	255	0	255	1	1	0	
//=================================================================================================
0	176	119	4669	0	0	4681	0	0	0	0	0	4	4	10	100	65	0	65	85	85	85	85	1	
1
32	0	
2
7048	7048	0	255	0	255	0	255	1	1	0	
7063	7063	0	255	0	255	0	255	1	1	0	
//=================================================================================================
0	177	120	4670	0	0	4681	0	0	0	0	0	4	4	10	100	65	0	65	85	85	85	85	1	
1
32	0	
2
7049	7049	0	255	0	255	0	255	1	1	0	
7063	7063	0	255	0	255	0	255	1	1	0	
//=================================================================================================
0	178	121	4671	0	0	4681	0	0	0	0	0	4	4	10	100	65	0	65	85	85	85	85	1	
1
32	0	
2
7050	7050	0	255	0	255	0	255	1	1	0	
7063	7063	0	255	0	255	0	255	1	1	0	
//=================================================================================================
0	179	122	4668	0	0	4681	0	0	0	0	0	4	4	10	100	65	0	65	85	85	85	85	1	
1
32	0	
2
7051	7051	0	255	0	255	0	255	1	1	0	
7063	7063	0	255	0	255	0	255	1	1	0	
//=================================================================================================
0	180	123	4669	0	0	4681	0	0	0	0	0	4	4	10	100	65	0	65	85	85	85	85	1	
1
32	0	
2
7052	7052	0	255	0	255	0	255	1	1	0	
7063	7063	0	255	0	255	0	255	1	1	0	
//=================================================================================================
0	181	124	4670	0	0	4681	0	0	0	0	0	4	4	10	100	65	0	65	85	85	85	85	1	
1
32	0	
2
7053	7053	0	255	0	255	0	255	1	1	0	
7063	7063	0	255	0	255	0	255	1	1	0	
//=================================================================================================
0	182	125	4671	0	0	4681	0	0	0	0	0	4	4	10	100	65	0	65	85	85	85	85	1	
1
32	0	
2
7054	7054	0	255	0	255	0	255	1	1	0	
7063	7063	0	255	0	255	0	255	1	1	0	
//=================================================================================================
0	183	126	4668	0	0	4681	0	0	0	0	0	4	4	10	100	65	0	65	85	85	85	85	1	
1
32	0	
2
7055	7055	0	255	0	255	0	255	1	1	0	
7063	7063	0	255	0	255	0	255	1	1	0	
//=================================================================================================
0	184	127	4669	0	0	4681	0	0	0	0	0	4	4	10	100	65	0	65	85	85	85	85	1	
1
32	0	
2
7056	7056	0	255	0	255	0	255	1	1	0	
7063	7063	0	255	0	255	0	255	1	1	0	
//=================================================================================================
0	185	128	4670	0	0	4681	0	0	0	0	0	4	4	10	100	65	0	65	85	85	85	85	1	
1
32	0	
2
7057	7057	0	255	0	255	0	255	1	1	0	
7063	7063	0	255	0	255	0	255	1	1	0	
//=================================================================================================
0	186	129	4672	0	0	4681	0	0	0	0	0	4	4	10	100	65	0	65	85	85	85	85	1	
1
32	0	
2
7058	7058	0	255	0	255	0	255	1	1	0	
7063	7063	0	255	0	255	0	255	1	1	0	
//=================================================================================================
0	187	130	4668	0	0	4681	0	0	0	0	0	4	4	10	100	65	0	65	85	85	85	85	1	
1
32	0	
2
7059	7059	0	255	0	255	0	255	1	1	0	
7063	7063	0	255	0	255	0	255	1	1	0	
//=================================================================================================
0	188	131	4669	0	0	4681	0	0	0	0	0	4	4	10	100	65	0	65	85	85	85	85	1	
1
32	0	
2
7060	7060	0	255	0	255	0	255	1	1	0	
7063	7063	0	255	0	255	0	255	1	1	0	
//=================================================================================================
0	189	132	4670	0	0	4681	0	0	0	0	0	4	4	10	100	65	0	65	85	85	85	85	1	
1
32	0	
2
7061	7061	0	255	0	255	0	255	1	1	0	
7063	7063	0	255	0	255	0	255	1	1	0	
//=================================================================================================
0	190	133	4672	0	0	4681	0	0	0	0	0	4	4	10	100	65	0	65	85	85	85	85	1	
1
32	0	
2
7062	7062	0	255	0	255	0	255	1	1	0	
7063	7063	0	255	0	255	0	255	1	1	0	
//=================================================================================================
0	191	134	4826	0	0	4832	0	0	0	0	0	4	4	10	100	65	10000000	65	85	85	85	85	1	
1
32	0	
6
7510	7510	0	255	0	255	10	10	1	1	0	
6174	6174	0	0	0	255	0	255	1	1	0	
6175	6175	0	0	0	255	0	255	1	1	0	
6159	6159	0	255	0	255	0	255	1	1	0	
7190	7190	0	255	0	255	0	255	1	1	0	
7199	7199	0	255	0	255	0	255	1	1	0	
//=================================================================================================
0	192	135	4827	0	0	4833	0	0	0	0	0	4	4	10	100	65	100000000	65	85	85	85	85	1	
1
32	0	
6
19	19	15	15	16	28	0	255	1	1	0	
7511	7511	0	255	0	255	0	255	1	1	0	
6174	6174	2	2	0	255	0	255	1	1	0	
6175	6175	2	2	0	255	0	255	1	1	0	
6280	6280	2	2	0	255	0	255	1	1	0	
6159	6159	0	255	0	255	0	255	1	1	0	
//=================================================================================================
0	193	135	4828	0	0	4833	0	0	0	0	0	4	4	10	100	65	100000000	65	85	85	85	85	1	
1
32	0	
6
2570	2570	15	15	16	28	0	255	1	1	0	
7511	7511	0	255	0	255	0	255	1	1	0	
6174	6174	2	2	0	255	0	255	1	1	0	
6175	6175	2	2	0	255	0	255	1	1	0	
6280	6280	2	2	0	255	0	255	1	1	0	
6159	6159	0	255	0	255	0	255	1	1	0	
//=================================================================================================
0	194	135	4829	0	0	4833	0	0	0	0	0	4	4	10	100	65	100000000	65	85	85	85	85	1	
1
32	0	
6
2066	2066	15	15	16	28	0	255	1	1	0	
7511	7511	0	255	0	255	0	255	1	1	0	
6174	6174	2	2	0	255	0	255	1	1	0	
6175	6175	2	2	0	255	0	255	1	1	0	
6280	6280	2	2	0	255	0	255	1	1	0	
6159	6159	0	255	0	255	0	255	1	1	0	
//=================================================================================================
0	195	135	4830	0	0	4833	0	0	0	0	0	4	4	10	100	65	100000000	65	85	85	85	85	1	
1
32	0	
6
1037	1037	15	15	16	28	0	255	1	1	0	
7511	7511	0	255	0	255	0	255	1	1	0	
6174	6174	2	2	0	255	0	255	1	1	0	
6175	6175	2	2	0	255	0	255	1	1	0	
6280	6280	2	2	0	255	0	255	1	1	0	
6159	6159	0	255	0	255	0	255	1	1	0	
//=================================================================================================
0	196	135	4831	0	0	4833	0	0	0	0	0	4	4	10	100	65	100000000	65	85	85	85	85	1	
1
32	0	
6
2596	2596	15	15	16	28	0	255	1	1	0	
7511	7511	0	255	0	255	0	255	1	1	0	
6174	6174	2	2	0	255	0	255	1	1	0	
6175	6175	2	2	0	255	0	255	1	1	0	
6280	6280	2	2	0	255	0	255	1	1	0	
6159	6159	0	255	0	255	0	255	1	1	0	
//=================================================================================================
0	197	136	4846	0	0	4847	0	0	0	0	0	4	4	10	100	65	0	65	85	85	85	85	1	
1
32	0	
6
3682	3682	11	255	16	28	0	255	1	1	4	
7509	7509	0	255	0	255	0	255	1	1	0	
6174	6174	0	0	0	255	0	255	1	1	0	
6175	6175	0	0	0	255	0	255	1	1	0	
6159	6159	0	255	0	255	0	255	1	1	0	
7190	7190	0	255	0	255	0	255	1	1	0	
//=================================================================================================
0	198	137	4846	0	0	4847	0	0	0	0	0	4	4	10	100	65	0	65	85	85	85	85	1	
1
32	0	
6
3683	3683	11	255	16	28	0	255	1	1	4	
7509	7509	0	255	0	255	0	255	1	1	0	
6174	6174	0	0	0	255	0	255	1	1	0	
6175	6175	0	0	0	255	0	255	1	1	0	
6159	6159	0	255	0	255	0	255	1	1	0	
7190	7190	0	255	0	255	0	255	1	1	0	
//=================================================================================================
0	199	138	4846	0	0	4847	0	0	0	0	0	4	4	10	100	65	0	65	85	85	85	85	1	
1
32	0	
6
3684	3684	11	255	16	28	0	255	1	1	4	
7509	7509	0	255	0	255	0	255	1	1	0	
6174	6174	0	0	0	255	0	255	1	1	0	
6175	6175	0	0	0	255	0	255	1	1	0	
6159	6159	0	255	0	255	0	255	1	1	0	
7190	7190	0	255	0	255	0	255	1	1	0	
//=================================================================================================
0	200	139	4846	0	0	4847	0	0	0	0	0	4	4	10	100	65	0	65	85	85	85	85	1	
1
32	0	
6
3685	3685	11	255	16	28	0	255	1	1	4	
7509	7509	0	255	0	255	0	255	1	1	0	
6174	6174	0	0	0	255	0	255	1	1	0	
6175	6175	0	0	0	255	0	255	1	1	0	
6159	6159	0	255	0	255	0	255	1	1	0	
7190	7190	0	255	0	255	0	255	1	1	0	
//=================================================================================================
0	201	140	4846	0	0	4847	0	0	0	0	0	4	4	10	100	65	0	65	85	85	85	85	1	
1
32	0	
6
3687	3687	11	255	16	28	0	255	1	1	4	
7509	7509	0	255	0	255	0	255	1	1	0	
6174	6174	0	0	0	255	0	255	1	1	0	
6175	6175	0	0	0	255	0	255	1	1	0	
6159	6159	0	255	0	255	0	255	1	1	0	
7190	7190	0	255	0	255	0	255	1	1	0	
//=================================================================================================
0	202	141	4846	0	0	4847	0	0	0	0	0	4	4	10	100	65	0	65	85	85	85	85	1	
1
32	0	
6
3688	3688	11	255	16	28	0	255	1	1	4	
7509	7509	0	255	0	255	0	255	1	1	0	
6174	6174	0	0	0	255	0	255	1	1	0	
6175	6175	0	0	0	255	0	255	1	1	0	
6159	6159	0	255	0	255	0	255	1	1	0	
7190	7190	0	255	0	255	0	255	1	1	0	
//=================================================================================================
0	203	142	4846	0	0	4847	0	0	0	0	0	4	4	10	100	65	0	65	85	85	85	85	1	
1
32	0	
6
3689	3689	11	255	16	28	0	255	1	1	4	
7509	7509	0	255	0	255	0	255	1	1	0	
6174	6174	0	0	0	255	0	255	1	1	0	
6175	6175	0	0	0	255	0	255	1	1	0	
6159	6159	0	255	0	255	0	255	1	1	0	
7190	7190	0	255	0	255	0	255	1	1	0	
//=================================================================================================
0	204	143	4846	0	0	4847	0	0	0	0	0	4	4	10	100	65	0	65	85	85	85	85	1	
1
32	0	
6
4194	4194	11	255	16	28	0	255	1	1	4	
7509	7509	0	255	0	255	0	255	1	1	0	
6174	6174	0	0	0	255	0	255	1	1	0	
6175	6175	0	0	0	255	0	255	1	1	0	
6159	6159	0	255	0	255	0	255	1	1	0	
7190	7190	0	255	0	255	0	255	1	1	0	
//=================================================================================================
0	205	144	4846	0	0	4847	0	0	0	0	0	4	4	10	100	65	0	65	85	85	85	85	1	
1
32	0	
6
4195	4195	11	255	16	28	0	255	1	1	4	
7509	7509	0	255	0	255	0	255	1	1	0	
6174	6174	0	0	0	255	0	255	1	1	0	
6175	6175	0	0	0	255	0	255	1	1	0	
6159	6159	0	255	0	255	0	255	1	1	0	
7190	7190	0	255	0	255	0	255	1	1	0	
//=================================================================================================
0	206	145	4846	0	0	4847	0	0	0	0	0	4	4	10	100	65	0	65	85	85	85	85	1	
1
32	0	
6
4196	4196	11	255	16	28	0	255	1	1	4	
7509	7509	0	255	0	255	0	255	1	1	0	
6174	6174	0	0	0	255	0	255	1	1	0	
6175	6175	0	0	0	255	0	255	1	1	0	
6159	6159	0	255	0	255	0	255	1	1	0	
7190	7190	0	255	0	255	0	255	1	1	0	
//=================================================================================================
0	207	146	4846	0	0	4847	0	0	0	0	0	4	4	10	100	65	0	65	85	85	85	85	1	
1
32	0	
6
4197	4197	11	255	16	28	0	255	1	1	4	
7509	7509	0	255	0	255	0	255	1	1	0	
6174	6174	0	0	0	255	0	255	1	1	0	
6175	6175	0	0	0	255	0	255	1	1	0	
6159	6159	0	255	0	255	0	255	1	1	0	
7190	7190	0	255	0	255	0	255	1	1	0	
//=================================================================================================
0	208	147	4846	0	0	4847	0	0	0	0	0	4	4	10	100	65	0	65	85	85	85	85	1	
1
32	0	
6
4198	4198	11	255	16	28	0	255	1	1	4	
7509	7509	0	255	0	255	0	255	1	1	0	
6174	6174	0	0	0	255	0	255	1	1	0	
6175	6175	0	0	0	255	0	255	1	1	0	
6159	6159	0	255	0	255	0	255	1	1	0	
7190	7190	0	255	0	255	0	255	1	1	0	
//=================================================================================================
0	209	148	4846	0	0	4847	0	0	0	0	0	4	4	10	100	65	0	65	85	85	85	85	1	
1
32	0	
6
4199	4199	11	255	16	28	0	255	1	1	4	
7509	7509	0	255	0	255	0	255	1	1	0	
6174	6174	0	0	0	255	0	255	1	1	0	
6175	6175	0	0	0	255	0	255	1	1	0	
6159	6159	0	255	0	255	0	255	1	1	0	
7190	7190	0	255	0	255	0	255	1	1	0	
//=================================================================================================
0	210	149	4846	0	0	4847	0	0	0	0	0	4	4	10	100	65	0	65	85	85	85	85	1	
1
32	0	
6
4200	4200	11	255	16	28	0	255	1	1	4	
7509	7509	0	255	0	255	0	255	1	1	0	
6174	6174	0	0	0	255	0	255	1	1	0	
6175	6175	0	0	0	255	0	255	1	1	0	
6159	6159	0	255	0	255	0	255	1	1	0	
7190	7190	0	255	0	255	0	255	1	1	0	
//=================================================================================================
0	211	150	4846	0	0	4847	0	0	0	0	0	4	4	10	100	65	0	65	85	85	85	85	1	
1
32	0	
6
4201	4201	11	255	16	28	0	255	1	1	4	
7509	7509	0	255	0	255	0	255	1	1	0	
6174	6174	0	0	0	255	0	255	1	1	0	
6175	6175	0	0	0	255	0	255	1	1	0	
6159	6159	0	255	0	255	0	255	1	1	0	
7190	7190	0	255	0	255	0	255	1	1	0	
//=================================================================================================
0	212	151	4846	0	0	4847	0	0	0	0	0	4	4	10	100	65	0	65	85	85	85	85	1	
1
32	0	
6
4706	4706	11	255	16	28	0	255	1	1	4	
7509	7509	0	255	0	255	0	255	1	1	0	
6174	6174	0	0	0	255	0	255	1	1	0	
6175	6175	0	0	0	255	0	255	1	1	0	
6159	6159	0	255	0	255	0	255	1	1	0	
7190	7190	0	255	0	255	0	255	1	1	0	
//=================================================================================================
0	213	152	4846	0	0	4847	0	0	0	0	0	4	4	10	100	65	0	65	85	85	85	85	1	
1
32	0	
6
4707	4707	11	255	16	28	0	255	1	1	4	
7509	7509	0	255	0	255	0	255	1	1	0	
6174	6174	0	0	0	255	0	255	1	1	0	
6175	6175	0	0	0	255	0	255	1	1	0	
6159	6159	0	255	0	255	0	255	1	1	0	
7190	7190	0	255	0	255	0	255	1	1	0	
//=================================================================================================
0	214	153	4846	0	0	4847	0	0	0	0	0	4	4	10	100	65	0	65	85	85	85	85	1	
1
32	0	
6
4708	4708	11	255	16	28	0	255	1	1	4	
7509	7509	0	255	0	255	0	255	1	1	0	
6174	6174	0	0	0	255	0	255	1	1	0	
6175	6175	0	0	0	255	0	255	1	1	0	
6159	6159	0	255	0	255	0	255	1	1	0	
7190	7190	0	255	0	255	0	255	1	1	0	
//=================================================================================================
0	215	154	4846	0	0	4847	0	0	0	0	0	4	4	10	100	65	0	65	85	85	85	85	1	
1
32	0	
6
4709	4709	11	255	16	28	0	255	1	1	4	
7509	7509	0	255	0	255	0	255	1	1	0	
6174	6174	0	0	0	255	0	255	1	1	0	
6175	6175	0	0	0	255	0	255	1	1	0	
6159	6159	0	255	0	255	0	255	1	1	0	
7190	7190	0	255	0	255	0	255	1	1	0	
//=================================================================================================
0	216	155	4846	0	0	4847	0	0	0	0	0	4	4	10	100	65	0	65	85	85	85	85	1	
1
32	0	
6
4710	4710	11	255	16	28	0	255	1	1	4	
7509	7509	0	255	0	255	0	255	1	1	0	
6174	6174	0	0	0	255	0	255	1	1	0	
6175	6175	0	0	0	255	0	255	1	1	0	
6159	6159	0	255	0	255	0	255	1	1	0	
7190	7190	0	255	0	255	0	255	1	1	0	
//=================================================================================================
0	217	156	4846	0	0	4847	0	0	0	0	0	4	4	10	100	65	0	65	85	85	85	85	1	
1
32	0	
6
4711	4711	11	255	16	28	0	255	1	1	4	
7509	7509	0	255	0	255	0	255	1	1	0	
6174	6174	0	0	0	255	0	255	1	1	0	
6175	6175	0	0	0	255	0	255	1	1	0	
6159	6159	0	255	0	255	0	255	1	1	0	
7190	7190	0	255	0	255	0	255	1	1	0	
//=================================================================================================
0	218	157	4846	0	0	4847	0	0	0	0	0	4	4	10	100	65	0	65	85	85	85	85	1	
1
32	0	
6
4712	4712	11	255	16	28	0	255	1	1	4	
7509	7509	0	255	0	255	0	255	1	1	0	
6174	6174	0	0	0	255	0	255	1	1	0	
6175	6175	0	0	0	255	0	255	1	1	0	
6159	6159	0	255	0	255	0	255	1	1	0	
7190	7190	0	255	0	255	0	255	1	1	0	
//=================================================================================================
0	219	158	4846	0	0	4847	0	0	0	0	0	4	4	10	100	65	0	65	85	85	85	85	1	
1
32	0	
6
4713	4713	11	255	16	28	0	255	1	1	4	
7509	7509	0	255	0	255	0	255	1	1	0	
6174	6174	0	0	0	255	0	255	1	1	0	
6175	6175	0	0	0	255	0	255	1	1	0	
6159	6159	0	255	0	255	0	255	1	1	0	
7190	7190	0	255	0	255	0	255	1	1	0	
//=================================================================================================
0	220	159	4846	0	0	4847	0	0	0	0	0	4	4	10	100	65	0	65	85	85	85	85	1	
1
32	0	
6
5219	5219	11	255	16	28	0	255	1	1	4	
7509	7509	0	255	0	255	0	255	1	1	0	
6174	6174	0	0	0	255	0	255	1	1	0	
6175	6175	0	0	0	255	0	255	1	1	0	
6159	6159	0	255	0	255	0	255	1	1	0	
7190	7190	0	255	0	255	0	255	1	1	0	
//=================================================================================================
0	221	160	4846	0	0	4847	0	0	0	0	0	4	4	10	100	65	0	65	85	85	85	85	1	
1
32	0	
6
5220	5220	11	255	16	28	0	255	1	1	4	
7509	7509	0	255	0	255	0	255	1	1	0	
6174	6174	0	0	0	255	0	255	1	1	0	
6175	6175	0	0	0	255	0	255	1	1	0	
6159	6159	0	255	0	255	0	255	1	1	0	
7190	7190	0	255	0	255	0	255	1	1	0	
//=================================================================================================
0	222	161	4846	0	0	4847	0	0	0	0	0	4	4	10	100	65	0	65	85	85	85	85	1	
1
32	0	
6
5221	5221	11	255	16	28	0	255	1	1	4	
7509	7509	0	255	0	255	0	255	1	1	0	
6174	6174	0	0	0	255	0	255	1	1	0	
6175	6175	0	0	0	255	0	255	1	1	0	
6159	6159	0	255	0	255	0	255	1	1	0	
7190	7190	0	255	0	255	0	255	1	1	0	
//=================================================================================================
0	223	162	4846	0	0	4847	0	0	0	0	0	4	4	10	100	65	0	65	85	85	85	85	1	
1
32	0	
6
5222	5222	11	255	16	28	0	255	1	1	4	
7509	7509	0	255	0	255	0	255	1	1	0	
6174	6174	0	0	0	255	0	255	1	1	0	
6175	6175	0	0	0	255	0	255	1	1	0	
6159	6159	0	255	0	255	0	255	1	1	0	
7190	7190	0	255	0	255	0	255	1	1	0	
//=================================================================================================
0	224	163	4846	0	0	4847	0	0	0	0	0	4	4	10	100	65	0	65	85	85	85	85	1	
1
32	0	
6
5223	5223	11	255	16	28	0	255	1	1	4	
7509	7509	0	255	0	255	0	255	1	1	0	
6174	6174	0	0	0	255	0	255	1	1	0	
6175	6175	0	0	0	255	0	255	1	1	0	
6159	6159	0	255	0	255	0	255	1	1	0	
7190	7190	0	255	0	255	0	255	1	1	0	
//=================================================================================================
0	225	164	4846	0	0	4847	0	0	0	0	0	4	4	10	100	65	0	65	85	85	85	85	1	
1
32	0	
6
5225	5225	11	255	16	28	0	255	1	1	4	
7509	7509	0	255	0	255	0	255	1	1	0	
6174	6174	0	0	0	255	0	255	1	1	0	
6175	6175	0	0	0	255	0	255	1	1	0	
6159	6159	0	255	0	255	0	255	1	1	0	
7190	7190	0	255	0	255	0	255	1	1	0	
//=================================================================================================
0	226	165	4846	0	0	4847	0	0	0	0	0	4	4	10	100	65	0	65	85	85	85	85	1	
1
32	0	
6
5730	5730	11	255	16	28	0	255	1	1	4	
7509	7509	0	255	0	255	0	255	1	1	0	
6174	6174	0	0	0	255	0	255	1	1	0	
6175	6175	0	0	0	255	0	255	1	1	0	
6159	6159	0	255	0	255	0	255	1	1	0	
7190	7190	0	255	0	255	0	255	1	1	0	
//=================================================================================================
0	227	166	4846	0	0	4847	0	0	0	0	0	4	4	10	100	65	0	65	85	85	85	85	1	
1
32	0	
6
5734	5734	11	255	16	28	0	255	1	1	4	
7509	7509	0	255	0	255	0	255	1	1	0	
6174	6174	0	0	0	255	0	255	1	1	0	
6175	6175	0	0	0	255	0	255	1	1	0	
6159	6159	0	255	0	255	0	255	1	1	0	
7190	7190	0	255	0	255	0	255	1	1	0	
//=================================================================================================
0	228	167	4846	0	0	4847	0	0	0	0	0	4	4	10	100	65	0	65	85	85	85	85	1	
1
32	0	
6
5736	5736	11	255	16	28	0	255	1	1	4	
7509	7509	0	255	0	255	0	255	1	1	0	
6174	6174	0	0	0	255	0	255	1	1	0	
6175	6175	0	0	0	255	0	255	1	1	0	
6159	6159	0	255	0	255	0	255	1	1	0	
7190	7190	0	255	0	255	0	255	1	1	0	
//=================================================================================================
0	229	168	5036	0	0	5037	0	0	0	0	0	4	4	10	100	65	0	65	85	85	85	85	1	
1
32	0	
6
3722	3722	11	255	16	28	0	255	1	1	4	
7557	7557	0	255	0	255	0	255	1	1	0	
6174	6174	2	2	0	255	0	255	1	1	0	
6175	6175	2	2	0	255	0	255	1	1	0	
6159	6159	0	255	0	255	0	255	1	1	0	
7190	7190	0	255	0	255	0	255	1	1	0	
//=================================================================================================
0	230	169	5036	0	0	5037	0	0	0	0	0	4	4	10	100	65	0	65	85	85	85	85	1	
1
32	0	
6
3723	3723	11	255	16	28	0	255	1	1	4	
7557	7557	0	255	0	255	0	255	1	1	0	
6174	6174	2	2	0	255	0	255	1	1	0	
6175	6175	2	2	0	255	0	255	1	1	0	
6159	6159	0	255	0	255	0	255	1	1	0	
7190	7190	0	255	0	255	0	255	1	1	0	
//=================================================================================================
0	231	170	5036	0	0	5037	0	0	0	0	0	4	4	10	100	65	0	65	85	85	85	85	1	
1
32	0	
6
3724	3724	11	255	16	28	0	255	1	1	4	
7557	7557	0	255	0	255	0	255	1	1	0	
6174	6174	2	2	0	255	0	255	1	1	0	
6175	6175	2	2	0	255	0	255	1	1	0	
6159	6159	0	255	0	255	0	255	1	1	0	
7190	7190	0	255	0	255	0	255	1	1	0	
//=================================================================================================
0	232	171	5036	0	0	5037	0	0	0	0	0	4	4	10	100	65	0	65	85	85	85	85	1	
1
32	0	
6
3725	3725	11	255	16	28	0	255	1	1	4	
7557	7557	0	255	0	255	0	255	1	1	0	
6174	6174	2	2	0	255	0	255	1	1	0	
6175	6175	2	2	0	255	0	255	1	1	0	
6159	6159	0	255	0	255	0	255	1	1	0	
7190	7190	0	255	0	255	0	255	1	1	0	
//=================================================================================================
0	233	172	5036	0	0	5037	0	0	0	0	0	4	4	10	100	65	0	65	85	85	85	85	1	
1
32	0	
6
3727	3727	11	255	16	28	0	255	1	1	4	
7557	7557	0	255	0	255	0	255	1	1	0	
6174	6174	2	2	0	255	0	255	1	1	0	
6175	6175	2	2	0	255	0	255	1	1	0	
6159	6159	0	255	0	255	0	255	1	1	0	
7190	7190	0	255	0	255	0	255	1	1	0	
//=================================================================================================
0	234	173	5036	0	0	5037	0	0	0	0	0	4	4	10	100	65	0	65	85	85	85	85	1	
1
32	0	
6
3728	3728	11	255	16	28	0	255	1	1	4	
7557	7557	0	255	0	255	0	255	1	1	0	
6174	6174	2	2	0	255	0	255	1	1	0	
6175	6175	2	2	0	255	0	255	1	1	0	
6159	6159	0	255	0	255	0	255	1	1	0	
7190	7190	0	255	0	255	0	255	1	1	0	
//=================================================================================================
0	235	174	5036	0	0	5037	0	0	0	0	0	4	4	10	100	65	0	65	85	85	85	85	1	
1
32	0	
6
3729	3729	11	255	16	28	0	255	1	1	4	
7557	7557	0	255	0	255	0	255	1	1	0	
6174	6174	2	2	0	255	0	255	1	1	0	
6175	6175	2	2	0	255	0	255	1	1	0	
6159	6159	0	255	0	255	0	255	1	1	0	
7190	7190	0	255	0	255	0	255	1	1	0	
//=================================================================================================
0	236	175	5036	0	0	5037	0	0	0	0	0	4	4	10	100	65	0	65	85	85	85	85	1	
1
32	0	
6
4234	4234	11	255	16	28	0	255	1	1	4	
7557	7557	0	255	0	255	0	255	1	1	0	
6174	6174	2	2	0	255	0	255	1	1	0	
6175	6175	2	2	0	255	0	255	1	1	0	
6159	6159	0	255	0	255	0	255	1	1	0	
7190	7190	0	255	0	255	0	255	1	1	0	
//=================================================================================================
0	237	176	5036	0	0	5037	0	0	0	0	0	4	4	10	100	65	0	65	85	85	85	85	1	
1
32	0	
6
4235	4235	11	255	16	28	0	255	1	1	4	
7557	7557	0	255	0	255	0	255	1	1	0	
6174	6174	2	2	0	255	0	255	1	1	0	
6175	6175	2	2	0	255	0	255	1	1	0	
6159	6159	0	255	0	255	0	255	1	1	0	
7190	7190	0	255	0	255	0	255	1	1	0	
//=================================================================================================
0	238	177	5036	0	0	5037	0	0	0	0	0	4	4	10	100	65	0	65	85	85	85	85	1	
1
32	0	
6
4236	4236	11	255	16	28	0	255	1	1	4	
7557	7557	0	255	0	255	0	255	1	1	0	
6174	6174	2	2	0	255	0	255	1	1	0	
6175	6175	2	2	0	255	0	255	1	1	0	
6159	6159	0	255	0	255	0	255	1	1	0	
7190	7190	0	255	0	255	0	255	1	1	0	
//=================================================================================================
0	239	178	5036	0	0	5037	0	0	0	0	0	4	4	10	100	65	0	65	85	85	85	85	1	
1
32	0	
6
4237	4237	11	255	16	28	0	255	1	1	4	
7557	7557	0	255	0	255	0	255	1	1	0	
6174	6174	2	2	0	255	0	255	1	1	0	
6175	6175	2	2	0	255	0	255	1	1	0	
6159	6159	0	255	0	255	0	255	1	1	0	
7190	7190	0	255	0	255	0	255	1	1	0	
//=================================================================================================
0	240	179	5036	0	0	5037	0	0	0	0	0	4	4	10	100	65	0	65	85	85	85	85	1	
1
32	0	
6
4238	4238	11	255	16	28	0	255	1	1	4	
7557	7557	0	255	0	255	0	255	1	1	0	
6174	6174	2	2	0	255	0	255	1	1	0	
6175	6175	2	2	0	255	0	255	1	1	0	
6159	6159	0	255	0	255	0	255	1	1	0	
7190	7190	0	255	0	255	0	255	1	1	0	
//=================================================================================================
0	241	180	5036	0	0	5037	0	0	0	0	0	4	4	10	100	65	0	65	85	85	85	85	1	
1
32	0	
6
4239	4239	11	255	16	28	0	255	1	1	4	
7557	7557	0	255	0	255	0	255	1	1	0	
6174	6174	2	2	0	255	0	255	1	1	0	
6175	6175	2	2	0	255	0	255	1	1	0	
6159	6159	0	255	0	255	0	255	1	1	0	
7190	7190	0	255	0	255	0	255	1	1	0	
//=================================================================================================
0	242	181	5036	0	0	5037	0	0	0	0	0	4	4	10	100	65	0	65	85	85	85	85	1	
1
32	0	
6
4240	4240	11	255	16	28	0	255	1	1	4	
7557	7557	0	255	0	255	0	255	1	1	0	
6174	6174	2	2	0	255	0	255	1	1	0	
6175	6175	2	2	0	255	0	255	1	1	0	
6159	6159	0	255	0	255	0	255	1	1	0	
7190	7190	0	255	0	255	0	255	1	1	0	
//=================================================================================================
0	243	182	5036	0	0	5037	0	0	0	0	0	4	4	10	100	65	0	65	85	85	85	85	1	
1
32	0	
6
4241	4241	11	255	16	28	0	255	1	1	4	
7557	7557	0	255	0	255	0	255	1	1	0	
6174	6174	2	2	0	255	0	255	1	1	0	
6175	6175	2	2	0	255	0	255	1	1	0	
6159	6159	0	255	0	255	0	255	1	1	0	
7190	7190	0	255	0	255	0	255	1	1	0	
//=================================================================================================
0	244	183	5036	0	0	5037	0	0	0	0	0	4	4	10	100	65	0	65	85	85	85	85	1	
1
32	0	
6
4746	4746	11	255	16	28	0	255	1	1	4	
7557	7557	0	255	0	255	0	255	1	1	0	
6174	6174	2	2	0	255	0	255	1	1	0	
6175	6175	2	2	0	255	0	255	1	1	0	
6159	6159	0	255	0	255	0	255	1	1	0	
7190	7190	0	255	0	255	0	255	1	1	0	
//=================================================================================================
0	245	184	5036	0	0	5037	0	0	0	0	0	4	4	10	100	65	0	65	85	85	85	85	1	
1
32	0	
6
4747	4747	11	255	16	28	0	255	1	1	4	
7557	7557	0	255	0	255	0	255	1	1	0	
6174	6174	2	2	0	255	0	255	1	1	0	
6175	6175	2	2	0	255	0	255	1	1	0	
6159	6159	0	255	0	255	0	255	1	1	0	
7190	7190	0	255	0	255	0	255	1	1	0	
//=================================================================================================
0	246	185	5036	0	0	5037	0	0	0	0	0	4	4	10	100	65	0	65	85	85	85	85	1	
1
32	0	
6
4748	4748	11	255	16	28	0	255	1	1	4	
7557	7557	0	255	0	255	0	255	1	1	0	
6174	6174	2	2	0	255	0	255	1	1	0	
6175	6175	2	2	0	255	0	255	1	1	0	
6159	6159	0	255	0	255	0	255	1	1	0	
7190	7190	0	255	0	255	0	255	1	1	0	
//=================================================================================================
0	247	186	5036	0	0	5037	0	0	0	0	0	4	4	10	100	65	0	65	85	85	85	85	1	
1
32	0	
6
4749	4749	11	255	16	28	0	255	1	1	4	
7557	7557	0	255	0	255	0	255	1	1	0	
6174	6174	2	2	0	255	0	255	1	1	0	
6175	6175	2	2	0	255	0	255	1	1	0	
6159	6159	0	255	0	255	0	255	1	1	0	
7190	7190	0	255	0	255	0	255	1	1	0	
//=================================================================================================
0	248	187	5036	0	0	5037	0	0	0	0	0	4	4	10	100	65	0	65	85	85	85	85	1	
1
32	0	
6
4750	4750	11	255	16	28	0	255	1	1	4	
7557	7557	0	255	0	255	0	255	1	1	0	
6174	6174	2	2	0	255	0	255	1	1	0	
6175	6175	2	2	0	255	0	255	1	1	0	
6159	6159	0	255	0	255	0	255	1	1	0	
7190	7190	0	255	0	255	0	255	1	1	0	
//=================================================================================================
0	249	188	5036	0	0	5037	0	0	0	0	0	4	4	10	100	65	0	65	85	85	85	85	1	
1
32	0	
6
4751	4751	11	255	16	28	0	255	1	1	4	
7557	7557	0	255	0	255	0	255	1	1	0	
6174	6174	2	2	0	255	0	255	1	1	0	
6175	6175	2	2	0	255	0	255	1	1	0	
6159	6159	0	255	0	255	0	255	1	1	0	
7190	7190	0	255	0	255	0	255	1	1	0	
//=================================================================================================
0	250	189	5036	0	0	5037	0	0	0	0	0	4	4	10	100	65	0	65	85	85	85	85	1	
1
32	0	
6
4752	4752	11	255	16	28	0	255	1	1	4	
7557	7557	0	255	0	255	0	255	1	1	0	
6174	6174	2	2	0	255	0	255	1	1	0	
6175	6175	2	2	0	255	0	255	1	1	0	
6159	6159	0	255	0	255	0	255	1	1	0	
7190	7190	0	255	0	255	0	255	1	1	0	
//=================================================================================================
0	251	190	5036	0	0	5037	0	0	0	0	0	4	4	10	100	65	0	65	85	85	85	85	1	
1
32	0	
6
4753	4753	11	255	16	28	0	255	1	1	4	
7557	7557	0	255	0	255	0	255	1	1	0	
6174	6174	2	2	0	255	0	255	1	1	0	
6175	6175	2	2	0	255	0	255	1	1	0	
6159	6159	0	255	0	255	0	255	1	1	0	
7190	7190	0	255	0	255	0	255	1	1	0	
//=================================================================================================
0	252	191	5036	0	0	5037	0	0	0	0	0	4	4	10	100	65	0	65	85	85	85	85	1	
1
32	0	
6
5259	5259	11	255	16	28	0	255	1	1	4	
7557	7557	0	255	0	255	0	255	1	1	0	
6174	6174	2	2	0	255	0	255	1	1	0	
6175	6175	2	2	0	255	0	255	1	1	0	
6159	6159	0	255	0	255	0	255	1	1	0	
7190	7190	0	255	0	255	0	255	1	1	0	
//=================================================================================================
0	253	192	5036	0	0	5037	0	0	0	0	0	4	4	10	100	65	0	65	85	85	85	85	1	
1
32	0	
6
5260	5260	11	255	16	28	0	255	1	1	4	
7557	7557	0	255	0	255	0	255	1	1	0	
6174	6174	2	2	0	255	0	255	1	1	0	
6175	6175	2	2	0	255	0	255	1	1	0	
6159	6159	0	255	0	255	0	255	1	1	0	
7190	7190	0	255	0	255	0	255	1	1	0	
//=================================================================================================
0	254	193	5036	0	0	5037	0	0	0	0	0	4	4	10	100	65	0	65	85	85	85	85	1	
1
32	0	
6
5261	5261	11	255	16	28	0	255	1	1	4	
7557	7557	0	255	0	255	0	255	1	1	0	
6174	6174	2	2	0	255	0	255	1	1	0	
6175	6175	2	2	0	255	0	255	1	1	0	
6159	6159	0	255	0	255	0	255	1	1	0	
7190	7190	0	255	0	255	0	255	1	1	0	
//=================================================================================================
0	255	194	5036	0	0	5037	0	0	0	0	0	4	4	10	100	65	0	65	85	85	85	85	1	
1
32	0	
6
5262	5262	11	255	16	28	0	255	1	1	4	
7557	7557	0	255	0	255	0	255	1	1	0	
6174	6174	2	2	0	255	0	255	1	1	0	
6175	6175	2	2	0	255	0	255	1	1	0	
6159	6159	0	255	0	255	0	255	1	1	0	
7190	7190	0	255	0	255	0	255	1	1	0	
//=================================================================================================
0	256	195	5036	0	0	5037	0	0	0	0	0	4	4	10	100	65	0	65	85	85	85	85	1	
1
32	0	
6
5263	5263	11	255	16	28	0	255	1	1	4	
7557	7557	0	255	0	255	0	255	1	1	0	
6174	6174	2	2	0	255	0	255	1	1	0	
6175	6175	2	2	0	255	0	255	1	1	0	
6159	6159	0	255	0	255	0	255	1	1	0	
7190	7190	0	255	0	255	0	255	1	1	0	
//=================================================================================================
0	257	196	5036	0	0	5037	0	0	0	0	0	4	4	10	100	65	0	65	85	85	85	85	1	
1
32	0	
6
5265	5265	11	255	16	28	0	255	1	1	4	
7557	7557	0	255	0	255	0	255	1	1	0	
6174	6174	2	2	0	255	0	255	1	1	0	
6175	6175	2	2	0	255	0	255	1	1	0	
6159	6159	0	255	0	255	0	255	1	1	0	
7190	7190	0	255	0	255	0	255	1	1	0	
//=================================================================================================
0	258	197	5036	0	0	5037	0	0	0	0	0	4	4	10	100	65	0	65	85	85	85	85	1	
1
32	0	
6
5770	5770	11	255	16	28	0	255	1	1	4	
7557	7557	0	255	0	255	0	255	1	1	0	
6174	6174	2	2	0	255	0	255	1	1	0	
6175	6175	2	2	0	255	0	255	1	1	0	
6159	6159	0	255	0	255	0	255	1	1	0	
7190	7190	0	255	0	255	0	255	1	1	0	
//=================================================================================================
0	259	198	5036	0	0	5037	0	0	0	0	0	4	4	10	100	65	0	65	85	85	85	85	1	
1
32	0	
6
5774	5774	11	255	16	28	0	255	1	1	4	
7557	7557	0	255	0	255	0	255	1	1	0	
6174	6174	2	2	0	255	0	255	1	1	0	
6175	6175	2	2	0	255	0	255	1	1	0	
6159	6159	0	255	0	255	0	255	1	1	0	
7190	7190	0	255	0	255	0	255	1	1	0	
//=================================================================================================
0	260	199	5036	0	0	5037	0	0	0	0	0	4	4	10	100	65	0	65	85	85	85	85	1	
1
32	0	
6
5776	5776	11	255	16	28	0	255	1	1	4	
7557	7557	0	255	0	255	0	255	1	1	0	
6174	6174	2	2	0	255	0	255	1	1	0	
6175	6175	2	2	0	255	0	255	1	1	0	
6159	6159	0	255	0	255	0	255	1	1	0	
7190	7190	0	255	0	255	0	255	1	1	0	
//=================================================================================================
0	261	200	5038	0	0	5039	0	0	0	0	0	4	4	10	100	65	0	65	85	85	85	85	1	
1
32	0	
6
42	42	11	255	16	28	0	255	1	1	1	
7554	7554	0	255	0	255	0	255	1	1	0	
6174	6174	2	2	0	255	0	255	1	1	0	
6175	6175	2	2	0	255	0	255	1	1	0	
6159	6159	0	255	0	255	0	255	1	1	0	
7190	7190	0	255	0	255	0	255	1	1	0	
//=================================================================================================
0	262	201	5038	0	0	5039	0	0	0	0	0	4	4	10	100	65	0	65	85	85	85	85	1	
1
32	0	
6
44	44	11	255	16	28	0	255	1	1	1	
7554	7554	0	255	0	255	0	255	1	1	0	
6174	6174	2	2	0	255	0	255	1	1	0	
6175	6175	2	2	0	255	0	255	1	1	0	
6159	6159	0	255	0	255	0	255	1	1	0	
7190	7190	0	255	0	255	0	255	1	1	0	
//=================================================================================================
0	263	202	5038	0	0	5039	0	0	0	0	0	4	4	10	100	65	0	65	85	85	85	85	1	
1
32	0	
6
46	46	11	255	16	28	0	255	1	1	1	
7554	7554	0	255	0	255	0	255	1	1	0	
6174	6174	2	2	0	255	0	255	1	1	0	
6175	6175	2	2	0	255	0	255	1	1	0	
6159	6159	0	255	0	255	0	255	1	1	0	
7190	7190	0	255	0	255	0	255	1	1	0	
//=================================================================================================
0	264	203	5038	0	0	5039	0	0	0	0	0	4	4	10	100	65	0	65	85	85	85	85	1	
1
32	0	
6
1046	1046	11	255	16	28	0	255	1	1	1	
7554	7554	0	255	0	255	0	255	1	1	0	
6174	6174	2	2	0	255	0	255	1	1	0	
6175	6175	2	2	0	255	0	255	1	1	0	
6159	6159	0	255	0	255	0	255	1	1	0	
7190	7190	0	255	0	255	0	255	1	1	0	
//=================================================================================================
0	265	204	5038	0	0	5039	0	0	0	0	0	4	4	10	100	65	0	65	85	85	85	85	1	
1
32	0	
6
1555	1555	11	255	16	28	0	255	1	1	1	
7554	7554	0	255	0	255	0	255	1	1	0	
6174	6174	2	2	0	255	0	255	1	1	0	
6175	6175	2	2	0	255	0	255	1	1	0	
6159	6159	0	255	0	255	0	255	1	1	0	
7190	7190	0	255	0	255	0	255	1	1	0	
//=================================================================================================
0	266	205	5038	0	0	5039	0	0	0	0	0	4	4	10	100	65	0	65	85	85	85	85	1	
1
32	0	
6
2076	2076	11	255	16	28	0	255	1	1	1	
7554	7554	0	255	0	255	0	255	1	1	0	
6174	6174	2	2	0	255	0	255	1	1	0	
6175	6175	2	2	0	255	0	255	1	1	0	
6159	6159	0	255	0	255	0	255	1	1	0	
7190	7190	0	255	0	255	0	255	1	1	0	
//=================================================================================================
0	267	206	5038	0	0	5039	0	0	0	0	0	4	4	10	100	65	0	65	85	85	85	85	1	
1
32	0	
6
2601	2601	11	255	16	28	0	255	1	1	1	
7554	7554	0	255	0	255	0	255	1	1	0	
6174	6174	2	2	0	255	0	255	1	1	0	
6175	6175	2	2	0	255	0	255	1	1	0	
6159	6159	0	255	0	255	0	255	1	1	0	
7190	7190	0	255	0	255	0	255	1	1	0	
//=================================================================================================
0	268	207	5038	0	0	5039	0	0	0	0	0	4	4	10	100	65	0	65	85	85	85	85	1	
1
32	0	
6
2603	2603	11	255	16	28	0	255	1	1	1	
7554	7554	0	255	0	255	0	255	1	1	0	
6174	6174	2	2	0	255	0	255	1	1	0	
6175	6175	2	2	0	255	0	255	1	1	0	
6159	6159	0	255	0	255	0	255	1	1	0	
7190	7190	0	255	0	255	0	255	1	1	0	
//=================================================================================================
0	269	208	5080	0	0	5078	0	0	0	0	0	4	4	10	100	65	0	65	85	85	85	85	1	
1
32	0	
2
7567	7567	0	255	0	255	0	255	1	1	0	
7008	7008	0	255	0	255	0	255	1	1	0	
//=================================================================================================
0	270	209	5080	0	0	5078	0	0	0	0	0	4	4	10	100	65	0	65	85	85	85	85	1	
1
32	0	
2
7567	7567	0	255	0	255	0	255	1	1	0	
7016	7016	0	255	0	255	0	255	1	1	0	
//=================================================================================================
0	271	210	5080	0	0	5078	0	0	0	0	0	4	4	10	100	65	0	65	85	85	85	85	1	
1
32	0	
2
7567	7567	0	255	0	255	0	255	1	1	0	
7020	7020	0	255	0	255	0	255	1	1	0	
//=================================================================================================
0	272	211	5080	0	0	5078	0	0	0	0	0	4	4	10	100	65	0	65	85	85	85	85	1	
1
32	0	
2
7567	7567	0	255	0	255	0	255	1	1	0	
7044	7044	0	255	0	255	0	255	1	1	0	
//=================================================================================================
0	273	212	5080	0	0	5078	0	0	0	0	0	4	4	10	100	65	0	65	85	85	85	85	1	
1
32	0	
2
7567	7567	0	255	0	255	0	255	1	1	0	
7036	7036	0	255	0	255	0	255	1	1	0	
//=================================================================================================
0	274	213	5080	0	0	5078	0	0	0	0	0	4	4	10	100	65	0	65	85	85	85	85	1	
1
32	0	
2
7567	7567	0	255	0	255	0	255	1	1	0	
7048	7048	0	255	0	255	0	255	1	1	0	
//=================================================================================================
0	275	214	5080	0	0	5078	0	0	0	0	0	4	4	10	100	65	0	65	85	85	85	85	1	
1
32	0	
2
7567	7567	0	255	0	255	0	255	1	1	0	
7056	7056	0	255	0	255	0	255	1	1	0	
//=================================================================================================
0	276	215	5079	0	0	5078	0	0	0	0	0	4	4	10	100	65	0	65	85	85	85	85	1	
1
32	0	
2
7567	7567	0	255	0	255	0	255	1	1	0	
7007	7007	0	255	0	255	0	255	1	1	0	
//=================================================================================================
0	277	216	5079	0	0	5078	0	0	0	0	0	4	4	10	100	65	0	65	85	85	85	85	1	
1
32	0	
2
7567	7567	0	255	0	255	0	255	1	1	0	
7015	7015	0	255	0	255	0	255	1	1	0	
//=================================================================================================
0	278	217	5079	0	0	5078	0	0	0	0	0	4	4	10	100	65	0	65	85	85	85	85	1	
1
32	0	
2
7567	7567	0	255	0	255	0	255	1	1	0	
7019	7019	0	255	0	255	0	255	1	1	0	
//=================================================================================================
0	279	218	5079	0	0	5078	0	0	0	0	0	4	4	10	100	65	0	65	85	85	85	85	1	
1
32	0	
2
7567	7567	0	255	0	255	0	255	1	1	0	
7043	7043	0	255	0	255	0	255	1	1	0	
//=================================================================================================
0	280	219	5079	0	0	5078	0	0	0	0	0	4	4	10	100	65	0	65	85	85	85	85	1	
1
32	0	
2
7567	7567	0	255	0	255	0	255	1	1	0	
7027	7027	0	255	0	255	0	255	1	1	0	
//=================================================================================================
0	281	220	5079	0	0	5078	0	0	0	0	0	4	4	10	100	65	0	65	85	85	85	85	1	
1
32	0	
2
7567	7567	0	255	0	255	0	255	1	1	0	
7035	7035	0	255	0	255	0	255	1	1	0	
//=================================================================================================
0	282	221	5079	0	0	5078	0	0	0	0	0	4	4	10	100	65	0	65	85	85	85	85	1	
1
32	0	
2
7567	7567	0	255	0	255	0	255	1	1	0	
7047	7047	0	255	0	255	0	255	1	1	0	
//=================================================================================================
0	283	222	5079	0	0	5078	0	0	0	0	0	4	4	10	100	65	0	65	85	85	85	85	1	
1
32	0	
2
7567	7567	0	255	0	255	0	255	1	1	0	
7055	7055	0	255	0	255	0	255	1	1	0	
//=================================================================================================
0	284	223	5081	0	0	5078	0	0	0	0	0	4	4	10	100	65	0	65	85	85	85	85	1	
1
32	0	
2
7567	7567	0	255	0	255	0	255	1	1	0	
7009	7009	0	255	0	255	0	255	1	1	0	
//=================================================================================================
0	285	224	5081	0	0	5078	0	0	0	0	0	4	4	10	100	65	0	65	85	85	85	85	1	
1
32	0	
2
7567	7567	0	255	0	255	0	255	1	1	0	
7017	7017	0	255	0	255	0	255	1	1	0	
//=================================================================================================
0	286	225	5081	0	0	5078	0	0	0	0	0	4	4	10	100	65	0	65	85	85	85	85	1	
1
32	0	
2
7567	7567	0	255	0	255	0	255	1	1	0	
7021	7021	0	255	0	255	0	255	1	1	0	
//=================================================================================================
0	287	226	5081	0	0	5078	0	0	0	0	0	4	4	10	100	65	0	65	85	85	85	85	1	
1
32	0	
2
7567	7567	0	255	0	255	0	255	1	1	0	
7045	7045	0	255	0	255	0	255	1	1	0	
//=================================================================================================
0	288	227	5081	0	0	5078	0	0	0	0	0	4	4	10	100	65	0	65	85	85	85	85	1	
1
32	0	
2
7567	7567	0	255	0	255	0	255	1	1	0	
7029	7029	0	255	0	255	0	255	1	1	0	
//=================================================================================================
0	289	228	5081	0	0	5078	0	0	0	0	0	4	4	10	100	65	0	65	85	85	85	85	1	
1
32	0	
2
7567	7567	0	255	0	255	0	255	1	1	0	
7037	7037	0	255	0	255	0	255	1	1	0	
//=================================================================================================
0	290	229	5081	0	0	5078	0	0	0	0	0	4	4	10	100	65	0	65	85	85	85	85	1	
1
32	0	
2
7567	7567	0	255	0	255	0	255	1	1	0	
7049	7049	0	255	0	255	0	255	1	1	0	
//=================================================================================================
0	291	230	5081	0	0	5078	0	0	0	0	0	4	4	10	100	65	0	65	85	85	85	85	1	
1
32	0	
2
7567	7567	0	255	0	255	0	255	1	1	0	
7057	7057	0	255	0	255	0	255	1	1	0	
//=================================================================================================
0	292	231	5083	0	0	5078	0	0	0	0	0	4	4	10	100	65	0	65	85	85	85	85	1	
1
32	0	
2
7567	7567	0	255	0	255	0	255	1	1	0	
7018	7018	0	255	0	255	0	255	1	1	0	
//=================================================================================================
0	293	232	5083	0	0	5078	0	0	0	0	0	4	4	10	100	65	0	65	85	85	85	85	1	
1
32	0	
2
7567	7567	0	255	0	255	0	255	1	1	0	
7022	7022	0	255	0	255	0	255	1	1	0	
//=================================================================================================
0	294	233	5083	0	0	5078	0	0	0	0	0	4	4	10	100	65	0	65	85	85	85	85	1	
1
32	0	
2
7567	7567	0	255	0	255	0	255	1	1	0	
7046	7046	0	255	0	255	0	255	1	1	0	
//=================================================================================================
0	295	234	5083	0	0	5078	0	0	0	0	0	4	4	10	100	65	0	65	85	85	85	85	1	
1
32	0	
2
7567	7567	0	255	0	255	0	255	1	1	0	
7030	7030	0	255	0	255	0	255	1	1	0	
//=================================================================================================
0	296	235	5083	0	0	5078	0	0	0	0	0	4	4	10	100	65	0	65	85	85	85	85	1	
1
32	0	
2
7567	7567	0	255	0	255	0	255	1	1	0	
7038	7038	0	255	0	255	0	255	1	1	0	
//=================================================================================================
0	297	236	5083	0	0	5078	0	0	0	0	0	4	4	10	100	65	0	65	85	85	85	85	1	
1
32	0	
2
7567	7567	0	255	0	255	0	255	1	1	0	
7058	7058	0	255	0	255	0	255	1	1	0	
//=================================================================================================
0	298	237	5082	0	0	5078	0	0	0	0	0	4	4	10	100	65	0	65	85	85	85	85	1	
1
32	0	
2
7567	7567	0	255	0	255	0	255	1	1	0	
7010	7010	0	255	0	255	0	255	1	1	0	
//=================================================================================================
0	299	238	5082	0	0	5078	0	0	0	0	0	4	4	10	100	65	0	65	85	85	85	85	1	
1
32	0	
2
7567	7567	0	255	0	255	0	255	1	1	0	
7028	7028	0	255	0	255	0	255	1	1	0	
//=================================================================================================
0	300	239	5082	0	0	5078	0	0	0	0	0	4	4	10	100	65	0	65	85	85	85	85	1	
1
32	0	
2
7567	7567	0	255	0	255	0	255	1	1	0	
7050	7050	0	255	0	255	0	255	1	1	0	
//=================================================================================================
0	301	240	5079	0	0	5078	0	0	0	0	0	4	4	10	100	65	0	65	85	85	85	85	1	
1
32	0	
2
7567	7567	0	255	0	255	0	255	1	1	0	
7023	7023	0	255	0	255	0	255	1	1	0	
//=================================================================================================
0	302	241	5080	0	0	5078	0	0	0	0	0	4	4	10	100	65	0	65	85	85	85	85	1	
1
32	0	
2
7567	7567	0	255	0	255	0	255	1	1	0	
7024	7024	0	255	0	255	0	255	1	1	0	
//=================================================================================================
0	303	242	5081	0	0	5078	0	0	0	0	0	4	4	10	100	65	0	65	85	85	85	85	1	
1
32	0	
2
7567	7567	0	255	0	255	0	255	1	1	0	
7025	7025	0	255	0	255	0	255	1	1	0	
//=================================================================================================
0	304	243	5083	0	0	5078	0	0	0	0	0	4	4	10	100	65	0	65	85	85	85	85	1	
1
32	0	
2
7567	7567	0	255	0	255	0	255	1	1	0	
7026	7026	0	255	0	255	0	255	1	1	0	
//=================================================================================================
0	305	244	5079	0	0	5078	0	0	0	0	0	4	4	10	100	65	0	65	85	85	85	85	1	
1
32	0	
2
7567	7567	0	255	0	255	0	255	1	1	0	
7031	7031	0	255	0	255	0	255	1	1	0	
//=================================================================================================
0	306	245	5081	0	0	5078	0	0	0	0	0	4	4	10	100	65	0	65	85	85	85	85	1	
1
32	0	
2
7567	7567	0	255	0	255	0	255	1	1	0	
7033	7033	0	255	0	255	0	255	1	1	0	
//=================================================================================================
0	307	246	5083	0	0	5078	0	0	0	0	0	4	4	10	100	65	0	65	85	85	85	85	1	
1
32	0	
2
7567	7567	0	255	0	255	0	255	1	1	0	
7034	7034	0	255	0	255	0	255	1	1	0	
//=================================================================================================
0	308	247	5082	0	0	5078	0	0	0	0	0	4	4	10	100	65	0	65	85	85	85	85	1	
1
32	0	
2
7567	7567	0	255	0	255	0	255	1	1	0	
7032	7032	0	255	0	255	0	255	1	1	0	
//=================================================================================================
0	309	248	4668	0	0	4681	0	0	0	0	0	4	4	10	100	65	0	65	85	85	85	85	1	
1
32	0	
2
7023	7023	0	255	0	255	0	255	1	1	0	
7063	7063	0	255	0	255	0	255	1	1	0	
//=================================================================================================
0	310	249	4669	0	0	4681	0	0	0	0	0	4	4	10	100	65	0	65	85	85	85	85	1	
1
32	0	
2
7024	7024	0	255	0	255	0	255	1	1	0	
7063	7063	0	255	0	255	0	255	1	1	0	
//=================================================================================================
0	311	250	4670	0	0	4681	0	0	0	0	0	4	4	10	100	65	0	65	85	85	85	85	1	
1
32	0	
2
7025	7025	0	255	0	255	0	255	1	1	0	
7063	7063	0	255	0	255	0	255	1	1	0	
//=================================================================================================
0	312	251	4672	0	0	4681	0	0	0	0	0	4	4	10	100	65	0	65	85	85	85	85	1	
1
32	0	
2
7026	7026	0	255	0	255	0	255	1	1	0	
7063	7063	0	255	0	255	0	255	1	1	0	
//=================================================================================================
0	313	252	4668	0	0	4681	0	0	0	0	0	4	4	10	100	65	0	65	85	85	85	85	1	
1
32	0	
2
7031	7031	0	255	0	255	0	255	1	1	0	
7063	7063	0	255	0	255	0	255	1	1	0	
//=================================================================================================
0	314	253	4670	0	0	4681	0	0	0	0	0	4	4	10	100	65	0	65	85	85	85	85	1	
1
32	0	
2
7033	7033	0	255	0	255	0	255	1	1	0	
7063	7063	0	255	0	255	0	255	1	1	0	
//=================================================================================================
0	315	254	4672	0	0	4681	0	0	0	0	0	4	4	10	100	65	0	65	85	85	85	85	1	
1
32	0	
2
7034	7034	0	255	0	255	0	255	1	1	0	
7063	7063	0	255	0	255	0	255	1	1	0	
//=================================================================================================
0	316	255	4671	0	0	4681	0	0	0	0	0	4	4	10	100	65	0	65	85	85	85	85	1	
1
32	0	
2
7032	7032	0	255	0	255	0	255	1	1	0	
7063	7063	0	255	0	255	0	255	1	1	0	
//=================================================================================================
0	317	256	4846	0	0	4847	0	0	0	0	0	4	4	10	100	65	0	65	85	85	85	85	1	
1
32	0	
6
4254	4254	11	255	16	28	0	255	1	1	4	
7509	7509	0	255	0	255	0	255	1	1	0	
6174	6174	0	0	0	255	0	255	1	1	0	
6175	6175	0	0	0	255	0	255	1	1	0	
6159	6159	0	255	0	255	0	255	1	1	0	
7190	7190	0	255	0	255	0	255	1	1	0	
//=================================================================================================
0	318	257	4846	0	0	4847	0	0	0	0	0	4	4	10	100	65	0	65	85	85	85	85	1	
1
32	0	
6
3742	3742	11	255	16	28	0	255	1	1	4	
7509	7509	0	255	0	255	0	255	1	1	0	
6174	6174	0	0	0	255	0	255	1	1	0	
6175	6175	0	0	0	255	0	255	1	1	0	
6159	6159	0	255	0	255	0	255	1	1	0	
7190	7190	0	255	0	255	0	255	1	1	0	
//=================================================================================================
0	319	258	4846	0	0	4847	0	0	0	0	0	4	4	10	100	65	0	65	85	85	85	85	1	
1
32	0	
6
4766	4766	11	255	16	28	0	255	1	1	4	
7509	7509	0	255	0	255	0	255	1	1	0	
6174	6174	0	0	0	255	0	255	1	1	0	
6175	6175	0	0	0	255	0	255	1	1	0	
6159	6159	0	255	0	255	0	255	1	1	0	
7190	7190	0	255	0	255	0	255	1	1	0	
//=================================================================================================
0	320	259	4846	0	0	4847	0	0	0	0	0	4	4	10	100	65	0	65	85	85	85	85	1	
1
32	0	
6
5278	5278	11	255	16	28	0	255	1	1	4	
7509	7509	0	255	0	255	0	255	1	1	0	
6174	6174	0	0	0	255	0	255	1	1	0	
6175	6175	0	0	0	255	0	255	1	1	0	
6159	6159	0	255	0	255	0	255	1	1	0	
7190	7190	0	255	0	255	0	255	1	1	0	
//=================================================================================================
0	321	260	4846	0	0	4847	0	0	0	0	0	4	4	10	100	65	0	65	85	85	85	85	1	
1
32	0	
6
4257	4257	11	255	16	28	0	255	1	1	4	
7509	7509	0	255	0	255	0	255	1	1	0	
6174	6174	0	0	0	255	0	255	1	1	0	
6175	6175	0	0	0	255	0	255	1	1	0	
6159	6159	0	255	0	255	0	255	1	1	0	
7190	7190	0	255	0	255	0	255	1	1	0	
//=================================================================================================
0	322	261	4846	0	0	4847	0	0	0	0	0	4	4	10	100	65	0	65	85	85	85	85	1	
1
32	0	
6
4769	4769	11	255	16	28	0	255	1	1	4	
7509	7509	0	255	0	255	0	255	1	1	0	
6174	6174	0	0	0	255	0	255	1	1	0	
6175	6175	0	0	0	255	0	255	1	1	0	
6159	6159	0	255	0	255	0	255	1	1	0	
7190	7190	0	255	0	255	0	255	1	1	0	
//=================================================================================================
0	323	262	4846	0	0	4847	0	0	0	0	0	4	4	10	100	65	0	65	85	85	85	85	1	
1
32	0	
6
5281	5281	11	255	16	28	0	255	1	1	4	
7509	7509	0	255	0	255	0	255	1	1	0	
6174	6174	0	0	0	255	0	255	1	1	0	
6175	6175	0	0	0	255	0	255	1	1	0	
6159	6159	0	255	0	255	0	255	1	1	0	
7190	7190	0	255	0	255	0	255	1	1	0	
//=================================================================================================
0	324	263	4846	0	0	4847	0	0	0	0	0	4	4	10	100	65	0	65	85	85	85	85	1	
1
32	0	
6
5793	5793	11	255	16	28	0	255	1	1	4	
7509	7509	0	255	0	255	0	255	1	1	0	
6174	6174	0	0	0	255	0	255	1	1	0	
6175	6175	0	0	0	255	0	255	1	1	0	
6159	6159	0	255	0	255	0	255	1	1	0	
7190	7190	0	255	0	255	0	255	1	1	0	
//=================================================================================================
0	325	264	5036	0	0	5037	0	0	0	0	0	4	4	10	100	65	0	65	85	85	85	85	1	
1
32	0	
6
4255	4255	11	255	16	28	0	255	1	1	4	
7557	7557	0	255	0	255	0	255	1	1	0	
6174	6174	2	2	0	255	0	255	1	1	0	
6175	6175	2	2	0	255	0	255	1	1	0	
6159	6159	0	255	0	255	0	255	1	1	0	
7190	7190	0	255	0	255	0	255	1	1	0	
//=================================================================================================
0	326	265	5036	0	0	5037	0	0	0	0	0	4	4	10	100	65	0	65	85	85	85	85	1	
1
32	0	
6
3743	3743	11	255	16	28	0	255	1	1	4	
7557	7557	0	255	0	255	0	255	1	1	0	
6174	6174	2	2	0	255	0	255	1	1	0	
6175	6175	2	2	0	255	0	255	1	1	0	
6159	6159	0	255	0	255	0	255	1	1	0	
7190	7190	0	255	0	255	0	255	1	1	0	
//=================================================================================================
0	327	266	5036	0	0	5037	0	0	0	0	0	4	4	10	100	65	0	65	85	85	85	85	1	
1
32	0	
6
4767	4767	11	255	16	28	0	255	1	1	4	
7557	7557	0	255	0	255	0	255	1	1	0	
6174	6174	2	2	0	255	0	255	1	1	0	
6175	6175	2	2	0	255	0	255	1	1	0	
6159	6159	0	255	0	255	0	255	1	1	0	
7190	7190	0	255	0	255	0	255	1	1	0	
//=================================================================================================
0	328	267	5036	0	0	5037	0	0	0	0	0	4	4	10	100	65	0	65	85	85	85	85	1	
1
32	0	
6
5279	5279	11	255	16	28	0	255	1	1	4	
7557	7557	0	255	0	255	0	255	1	1	0	
6174	6174	2	2	0	255	0	255	1	1	0	
6175	6175	2	2	0	255	0	255	1	1	0	
6159	6159	0	255	0	255	0	255	1	1	0	
7190	7190	0	255	0	255	0	255	1	1	0	
//=================================================================================================
0	329	268	5036	0	0	5037	0	0	0	0	0	4	4	10	100	65	0	65	85	85	85	85	1	
1
32	0	
6
4258	4258	11	255	16	28	0	255	1	1	4	
7557	7557	0	255	0	255	0	255	1	1	0	
6174	6174	2	2	0	255	0	255	1	1	0	
6175	6175	2	2	0	255	0	255	1	1	0	
6159	6159	0	255	0	255	0	255	1	1	0	
7190	7190	0	255	0	255	0	255	1	1	0	
//=================================================================================================
0	330	269	5036	0	0	5037	0	0	0	0	0	4	4	10	100	65	0	65	85	85	85	85	1	
1
32	0	
6
4770	4770	11	255	16	28	0	255	1	1	4	
7557	7557	0	255	0	255	0	255	1	1	0	
6174	6174	2	2	0	255	0	255	1	1	0	
6175	6175	2	2	0	255	0	255	1	1	0	
6159	6159	0	255	0	255	0	255	1	1	0	
7190	7190	0	255	0	255	0	255	1	1	0	
//=================================================================================================
0	331	270	5036	0	0	5037	0	0	0	0	0	4	4	10	100	65	0	65	85	85	85	85	1	
1
32	0	
6
5282	5282	11	255	16	28	0	255	1	1	4	
7557	7557	0	255	0	255	0	255	1	1	0	
6174	6174	2	2	0	255	0	255	1	1	0	
6175	6175	2	2	0	255	0	255	1	1	0	
6159	6159	0	255	0	255	0	255	1	1	0	
7190	7190	0	255	0	255	0	255	1	1	0	
//=================================================================================================
0	332	271	5036	0	0	5037	0	0	0	0	0	4	4	10	100	65	0	65	85	85	85	85	1	
1
32	0	
6
5794	5794	11	255	16	28	0	255	1	1	4	
7557	7557	0	255	0	255	0	255	1	1	0	
6174	6174	2	2	0	255	0	255	1	1	0	
6175	6175	2	2	0	255	0	255	1	1	0	
6159	6159	0	255	0	255	0	255	1	1	0	
7190	7190	0	255	0	255	0	255	1	1	0	
//=================================================================================================
0	333	272	5095	0	0	5098	0	0	0	0	0	4	4	10	100	65	0	65	85	85	85	85	1	
1
32	0	
5
4196	4196	0	255	0	255	0	255	1	1	4	
7563	7563	0	255	0	255	0	255	1	1	0	
6174	6174	0	0	0	255	0	255	1	1	0	
6175	6175	0	0	0	255	0	255	1	1	0	
6159	6159	0	255	0	255	0	255	1	1	0	
//=================================================================================================
0	334	273	5095	0	0	5098	0	0	0	0	0	4	4	10	100	65	0	65	85	85	85	85	1	
1
32	0	
5
3684	3684	0	255	0	255	0	255	1	1	4	
7563	7563	0	255	0	255	0	255	1	1	0	
6174	6174	0	0	0	255	0	255	1	1	0	
6175	6175	0	0	0	255	0	255	1	1	0	
6159	6159	0	255	0	255	0	255	1	1	0	
//=================================================================================================
0	335	274	5095	0	0	5098	0	0	0	0	0	4	4	10	100	65	0	65	85	85	85	85	1	
1
32	0	
5
4708	4708	0	255	0	255	0	255	1	1	4	
7563	7563	0	255	0	255	0	255	1	1	0	
6174	6174	0	0	0	255	0	255	1	1	0	
6175	6175	0	0	0	255	0	255	1	1	0	
6159	6159	0	255	0	255	0	255	1	1	0	
//=================================================================================================
0	336	275	5095	0	0	5098	0	0	0	0	0	4	4	10	100	65	0	65	85	85	85	85	1	
1
32	0	
5
5220	5220	0	255	0	255	0	255	1	1	4	
7563	7563	0	255	0	255	0	255	1	1	0	
6174	6174	0	0	0	255	0	255	1	1	0	
6175	6175	0	0	0	255	0	255	1	1	0	
6159	6159	0	255	0	255	0	255	1	1	0	
//=================================================================================================
0	337	276	5095	0	0	5098	0	0	0	0	0	4	4	10	100	65	0	65	85	85	85	85	1	
1
32	0	
5
4236	4236	0	255	0	255	0	255	1	1	4	
7563	7563	0	255	0	255	0	255	1	1	0	
6174	6174	0	0	0	255	0	255	1	1	0	
6175	6175	0	0	0	255	0	255	1	1	0	
6159	6159	0	255	0	255	0	255	1	1	0	
//=================================================================================================
0	338	277	5095	0	0	5098	0	0	0	0	0	4	4	10	100	65	0	65	85	85	85	85	1	
1
32	0	
5
3724	3724	0	255	0	255	0	255	1	1	4	
7563	7563	0	255	0	255	0	255	1	1	0	
6174	6174	0	0	0	255	0	255	1	1	0	
6175	6175	0	0	0	255	0	255	1	1	0	
6159	6159	0	255	0	255	0	255	1	1	0	
//=================================================================================================
0	339	278	5095	0	0	5098	0	0	0	0	0	4	4	10	100	65	0	65	85	85	85	85	1	
1
32	0	
5
4748	4748	0	255	0	255	0	255	1	1	4	
7563	7563	0	255	0	255	0	255	1	1	0	
6174	6174	0	0	0	255	0	255	1	1	0	
6175	6175	0	0	0	255	0	255	1	1	0	
6159	6159	0	255	0	255	0	255	1	1	0	
//=================================================================================================
0	340	279	5095	0	0	5098	0	0	0	0	0	4	4	10	100	65	0	65	85	85	85	85	1	
1
32	0	
5
5260	5260	0	255	0	255	0	255	1	1	4	
7563	7563	0	255	0	255	0	255	1	1	0	
6174	6174	0	0	0	255	0	255	1	1	0	
6175	6175	0	0	0	255	0	255	1	1	0	
6159	6159	0	255	0	255	0	255	1	1	0	
//=================================================================================================
0	341	280	5095	0	0	5098	0	0	0	0	0	4	4	10	100	65	0	65	85	85	85	85	1	
1
32	0	
5
4248	4248	0	255	0	255	0	255	1	1	4	
7563	7563	0	255	0	255	0	255	1	1	0	
6174	6174	0	0	0	255	0	255	1	1	0	
6175	6175	0	0	0	255	0	255	1	1	0	
6159	6159	0	255	0	255	0	255	1	1	0	
//=================================================================================================
0	342	281	5095	0	0	5098	0	0	0	0	0	4	4	10	100	65	0	65	85	85	85	85	1	
1
32	0	
5
3736	3736	0	255	0	255	0	255	1	1	4	
7563	7563	0	255	0	255	0	255	1	1	0	
6174	6174	0	0	0	255	0	255	1	1	0	
6175	6175	0	0	0	255	0	255	1	1	0	
6159	6159	0	255	0	255	0	255	1	1	0	
//=================================================================================================
0	343	282	5095	0	0	5098	0	0	0	0	0	4	4	10	100	65	0	65	85	85	85	85	1	
1
32	0	
5
4760	4760	0	255	0	255	0	255	1	1	4	
7563	7563	0	255	0	255	0	255	1	1	0	
6174	6174	0	0	0	255	0	255	1	1	0	
6175	6175	0	0	0	255	0	255	1	1	0	
6159	6159	0	255	0	255	0	255	1	1	0	
//=================================================================================================
0	344	283	5095	0	0	5098	0	0	0	0	0	4	4	10	100	65	0	65	85	85	85	85	1	
1
32	0	
5
5272	5272	0	255	0	255	0	255	1	1	4	
7563	7563	0	255	0	255	0	255	1	1	0	
6174	6174	0	0	0	255	0	255	1	1	0	
6175	6175	0	0	0	255	0	255	1	1	0	
6159	6159	0	255	0	255	0	255	1	1	0	
//=================================================================================================
0	345	284	5096	0	0	5099	0	0	0	0	0	4	4	10	100	65	0	65	85	85	85	85	1	
1
32	0	
5
4198	4198	0	255	0	255	0	255	1	1	4	
7565	7565	0	255	0	255	0	255	1	1	0	
6174	6174	0	0	0	255	0	255	1	1	0	
6175	6175	0	0	0	255	0	255	1	1	0	
6159	6159	0	255	0	255	0	255	1	1	0	
//=================================================================================================
0	346	285	5096	0	0	5099	0	0	0	0	0	4	4	10	100	65	0	65	85	85	85	85	1	
1
32	0	
5
4710	4710	0	255	0	255	0	255	1	1	4	
7565	7565	0	255	0	255	0	255	1	1	0	
6174	6174	0	0	0	255	0	255	1	1	0	
6175	6175	0	0	0	255	0	255	1	1	0	
6159	6159	0	255	0	255	0	255	1	1	0	
//=================================================================================================
0	347	286	5096	0	0	5099	0	0	0	0	0	4	4	10	100	65	0	65	85	85	85	85	1	
1
32	0	
5
5222	5222	0	255	0	255	0	255	1	1	4	
7565	7565	0	255	0	255	0	255	1	1	0	
6174	6174	0	0	0	255	0	255	1	1	0	
6175	6175	0	0	0	255	0	255	1	1	0	
6159	6159	0	255	0	255	0	255	1	1	0	
//=================================================================================================
0	348	287	5096	0	0	5099	0	0	0	0	0	4	4	10	100	65	0	65	85	85	85	85	1	
1
32	0	
5
5734	5734	0	255	0	255	0	255	1	1	4	
7565	7565	0	255	0	255	0	255	1	1	0	
6174	6174	0	0	0	255	0	255	1	1	0	
6175	6175	0	0	0	255	0	255	1	1	0	
6159	6159	0	255	0	255	0	255	1	1	0	
//=================================================================================================
0	349	288	5096	0	0	5099	0	0	0	0	0	4	4	10	100	65	0	65	85	85	85	85	1	
1
32	0	
5
4238	4238	0	255	0	255	0	255	1	1	4	
7565	7565	0	255	0	255	0	255	1	1	0	
6174	6174	0	0	0	255	0	255	1	1	0	
6175	6175	0	0	0	255	0	255	1	1	0	
6159	6159	0	255	0	255	0	255	1	1	0	
//=================================================================================================
0	350	289	5096	0	0	5099	0	0	0	0	0	4	4	10	100	65	0	65	85	85	85	85	1	
1
32	0	
5
4750	4750	0	255	0	255	0	255	1	1	4	
7565	7565	0	255	0	255	0	255	1	1	0	
6174	6174	0	0	0	255	0	255	1	1	0	
6175	6175	0	0	0	255	0	255	1	1	0	
6159	6159	0	255	0	255	0	255	1	1	0	
//=================================================================================================
0	351	290	5096	0	0	5099	0	0	0	0	0	4	4	10	100	65	0	65	85	85	85	85	1	
1
32	0	
5
5262	5262	0	255	0	255	0	255	1	1	4	
7565	7565	0	255	0	255	0	255	1	1	0	
6174	6174	0	0	0	255	0	255	1	1	0	
6175	6175	0	0	0	255	0	255	1	1	0	
6159	6159	0	255	0	255	0	255	1	1	0	
//=================================================================================================
0	352	291	5096	0	0	5099	0	0	0	0	0	4	4	10	100	65	0	65	85	85	85	85	1	
1
32	0	
5
5774	5774	0	255	0	255	0	255	1	1	4	
7565	7565	0	255	0	255	0	255	1	1	0	
6174	6174	0	0	0	255	0	255	1	1	0	
6175	6175	0	0	0	255	0	255	1	1	0	
6159	6159	0	255	0	255	0	255	1	1	0	
//=================================================================================================
0	353	292	5096	0	0	5099	0	0	0	0	0	4	4	10	100	65	0	65	85	85	85	85	1	
1
32	0	
5
4250	4250	0	255	0	255	0	255	1	1	4	
7565	7565	0	255	0	255	0	255	1	1	0	
6174	6174	0	0	0	255	0	255	1	1	0	
6175	6175	0	0	0	255	0	255	1	1	0	
6159	6159	0	255	0	255	0	255	1	1	0	
//=================================================================================================
0	354	293	5096	0	0	5099	0	0	0	0	0	4	4	10	100	65	0	65	85	85	85	85	1	
1
32	0	
5
4762	4762	0	255	0	255	0	255	1	1	4	
7565	7565	0	255	0	255	0	255	1	1	0	
6174	6174	0	0	0	255	0	255	1	1	0	
6175	6175	0	0	0	255	0	255	1	1	0	
6159	6159	0	255	0	255	0	255	1	1	0	
//=================================================================================================
0	355	294	5096	0	0	5099	0	0	0	0	0	4	4	10	100	65	0	65	85	85	85	85	1	
1
32	0	
5
5274	5274	0	255	0	255	0	255	1	1	4	
7565	7565	0	255	0	255	0	255	1	1	0	
6174	6174	0	0	0	255	0	255	1	1	0	
6175	6175	0	0	0	255	0	255	1	1	0	
6159	6159	0	255	0	255	0	255	1	1	0	
//=================================================================================================
0	356	295	5096	0	0	5099	0	0	0	0	0	4	4	10	100	65	0	65	85	85	85	85	1	
1
32	0	
5
5786	5786	0	255	0	255	0	255	1	1	4	
7565	7565	0	255	0	255	0	255	1	1	0	
6174	6174	0	0	0	255	0	255	1	1	0	
6175	6175	0	0	0	255	0	255	1	1	0	
6159	6159	0	255	0	255	0	255	1	1	0	
//=================================================================================================
0	357	296	5095	0	0	5097	0	0	0	0	0	4	4	10	100	65	0	65	85	85	85	85	1	
1
32	0	
5
4254	4254	0	255	0	255	0	255	1	1	4	
7562	7562	0	255	0	255	0	255	1	1	0	
6174	6174	0	0	0	255	0	255	1	1	0	
6175	6175	0	0	0	255	0	255	1	1	0	
6159	6159	0	255	0	255	0	255	1	1	0	
//=================================================================================================
0	358	297	5095	0	0	5097	0	0	0	0	0	4	4	10	100	65	0	65	85	85	85	85	1	
1
32	0	
5
3742	3742	0	255	0	255	0	255	1	1	4	
7562	7562	0	255	0	255	0	255	1	1	0	
6174	6174	0	0	0	255	0	255	1	1	0	
6175	6175	0	0	0	255	0	255	1	1	0	
6159	6159	0	255	0	255	0	255	1	1	0	
//=================================================================================================
0	359	298	5095	0	0	5097	0	0	0	0	0	4	4	10	100	65	0	65	85	85	85	85	1	
1
32	0	
5
4766	4766	0	255	0	255	0	255	1	1	4	
7562	7562	0	255	0	255	0	255	1	1	0	
6174	6174	0	0	0	255	0	255	1	1	0	
6175	6175	0	0	0	255	0	255	1	1	0	
6159	6159	0	255	0	255	0	255	1	1	0	
//=================================================================================================
0	360	299	5095	0	0	5097	0	0	0	0	0	4	4	10	100	65	0	65	85	85	85	85	1	
1
32	0	
5
5278	5278	0	255	0	255	0	255	1	1	4	
7562	7562	0	255	0	255	0	255	1	1	0	
6174	6174	0	0	0	255	0	255	1	1	0	
6175	6175	0	0	0	255	0	255	1	1	0	
6159	6159	0	255	0	255	0	255	1	1	0	
//=================================================================================================
0	361	300	5095	0	0	5097	0	0	0	0	0	4	4	10	100	65	0	65	85	85	85	85	1	
1
32	0	
5
4255	4255	0	255	0	255	0	255	1	1	4	
7562	7562	0	255	0	255	0	255	1	1	0	
6174	6174	0	0	0	255	0	255	1	1	0	
6175	6175	0	0	0	255	0	255	1	1	0	
6159	6159	0	255	0	255	0	255	1	1	0	
//=================================================================================================
0	362	301	5095	0	0	5097	0	0	0	0	0	4	4	10	100	65	0	65	85	85	85	85	1	
1
32	0	
5
3743	3743	0	255	0	255	0	255	1	1	4	
7562	7562	0	255	0	255	0	255	1	1	0	
6174	6174	0	0	0	255	0	255	1	1	0	
6175	6175	0	0	0	255	0	255	1	1	0	
6159	6159	0	255	0	255	0	255	1	1	0	
//=================================================================================================
0	363	302	5095	0	0	5097	0	0	0	0	0	4	4	10	100	65	0	65	85	85	85	85	1	
1
32	0	
5
4767	4767	0	255	0	255	0	255	1	1	4	
7562	7562	0	255	0	255	0	255	1	1	0	
6174	6174	0	0	0	255	0	255	1	1	0	
6175	6175	0	0	0	255	0	255	1	1	0	
6159	6159	0	255	0	255	0	255	1	1	0	
//=================================================================================================
0	364	303	5095	0	0	5097	0	0	0	0	0	4	4	10	100	65	0	65	85	85	85	85	1	
1
32	0	
5
5279	5279	0	255	0	255	0	255	1	1	4	
7562	7562	0	255	0	255	0	255	1	1	0	
6174	6174	0	0	0	255	0	255	1	1	0	
6175	6175	0	0	0	255	0	255	1	1	0	
6159	6159	0	255	0	255	0	255	1	1	0	
//=================================================================================================
0	365	304	5095	0	0	5097	0	0	0	0	0	4	4	10	100	65	0	65	85	85	85	85	1	
1
32	0	
5
4256	4256	0	255	0	255	0	255	1	1	4	
7562	7562	0	255	0	255	0	255	1	1	0	
6174	6174	0	0	0	255	0	255	1	1	0	
6175	6175	0	0	0	255	0	255	1	1	0	
6159	6159	0	255	0	255	0	255	1	1	0	
//=================================================================================================
0	366	305	5095	0	0	5097	0	0	0	0	0	4	4	10	100	65	0	65	85	85	85	85	1	
1
32	0	
5
3744	3744	0	255	0	255	0	255	1	1	4	
7562	7562	0	255	0	255	0	255	1	1	0	
6174	6174	0	0	0	255	0	255	1	1	0	
6175	6175	0	0	0	255	0	255	1	1	0	
6159	6159	0	255	0	255	0	255	1	1	0	
//=================================================================================================
0	367	306	5095	0	0	5097	0	0	0	0	0	4	4	10	100	65	0	65	85	85	85	85	1	
1
32	0	
5
4768	4768	0	255	0	255	0	255	1	1	4	
7562	7562	0	255	0	255	0	255	1	1	0	
6174	6174	0	0	0	255	0	255	1	1	0	
6175	6175	0	0	0	255	0	255	1	1	0	
6159	6159	0	255	0	255	0	255	1	1	0	
//=================================================================================================
0	368	307	5095	0	0	5097	0	0	0	0	0	4	4	10	100	65	0	65	85	85	85	85	1	
1
32	0	
5
5280	5280	0	255	0	255	0	255	1	1	4	
7562	7562	0	255	0	255	0	255	1	1	0	
6174	6174	0	0	0	255	0	255	1	1	0	
6175	6175	0	0	0	255	0	255	1	1	0	
6159	6159	0	255	0	255	0	255	1	1	0	
//=================================================================================================
0	369	308	5096	0	0	5100	0	0	0	0	0	4	4	10	100	65	0	65	85	85	85	85	1	
1
32	0	
5
4257	4257	0	255	0	255	0	255	1	1	4	
7564	7564	0	255	0	255	0	255	1	1	0	
6174	6174	0	0	0	255	0	255	1	1	0	
6175	6175	0	0	0	255	0	255	1	1	0	
6159	6159	0	255	0	255	0	255	1	1	0	
//=================================================================================================
0	370	309	5096	0	0	5100	0	0	0	0	0	4	4	10	100	65	0	65	85	85	85	85	1	
1
32	0	
5
4769	4769	0	255	0	255	0	255	1	1	4	
7564	7564	0	255	0	255	0	255	1	1	0	
6174	6174	0	0	0	255	0	255	1	1	0	
6175	6175	0	0	0	255	0	255	1	1	0	
6159	6159	0	255	0	255	0	255	1	1	0	
//=================================================================================================
0	371	310	5096	0	0	5100	0	0	0	0	0	4	4	10	100	65	0	65	85	85	85	85	1	
1
32	0	
5
5281	5281	0	255	0	255	0	255	1	1	4	
7564	7564	0	255	0	255	0	255	1	1	0	
6174	6174	0	0	0	255	0	255	1	1	0	
6175	6175	0	0	0	255	0	255	1	1	0	
6159	6159	0	255	0	255	0	255	1	1	0	
//=================================================================================================
0	372	311	5096	0	0	5100	0	0	0	0	0	4	4	10	100	65	0	65	85	85	85	85	1	
1
32	0	
5
5793	5793	0	255	0	255	0	255	1	1	4	
7564	7564	0	255	0	255	0	255	1	1	0	
6174	6174	0	0	0	255	0	255	1	1	0	
6175	6175	0	0	0	255	0	255	1	1	0	
6159	6159	0	255	0	255	0	255	1	1	0	
//=================================================================================================
0	373	312	5096	0	0	5100	0	0	0	0	0	4	4	10	100	65	0	65	85	85	85	85	1	
1
32	0	
5
4258	4258	0	255	0	255	0	255	1	1	4	
7564	7564	0	255	0	255	0	255	1	1	0	
6174	6174	0	0	0	255	0	255	1	1	0	
6175	6175	0	0	0	255	0	255	1	1	0	
6159	6159	0	255	0	255	0	255	1	1	0	
//=================================================================================================
0	374	313	5096	0	0	5100	0	0	0	0	0	4	4	10	100	65	0	65	85	85	85	85	1	
1
32	0	
5
4770	4770	0	255	0	255	0	255	1	1	4	
7564	7564	0	255	0	255	0	255	1	1	0	
6174	6174	0	0	0	255	0	255	1	1	0	
6175	6175	0	0	0	255	0	255	1	1	0	
6159	6159	0	255	0	255	0	255	1	1	0	
//=================================================================================================
0	375	314	5096	0	0	5100	0	0	0	0	0	4	4	10	100	65	0	65	85	85	85	85	1	
1
32	0	
5
5282	5282	0	255	0	255	0	255	1	1	4	
7564	7564	0	255	0	255	0	255	1	1	0	
6174	6174	0	0	0	255	0	255	1	1	0	
6175	6175	0	0	0	255	0	255	1	1	0	
6159	6159	0	255	0	255	0	255	1	1	0	
//=================================================================================================
0	376	315	5096	0	0	5100	0	0	0	0	0	4	4	10	100	65	0	65	85	85	85	85	1	
1
32	0	
5
5794	5794	0	255	0	255	0	255	1	1	4	
7564	7564	0	255	0	255	0	255	1	1	0	
6174	6174	0	0	0	255	0	255	1	1	0	
6175	6175	0	0	0	255	0	255	1	1	0	
6159	6159	0	255	0	255	0	255	1	1	0	
//=================================================================================================
0	377	316	5096	0	0	5100	0	0	0	0	0	4	4	10	100	65	0	65	85	85	85	85	1	
1
32	0	
5
4259	4259	0	255	0	255	0	255	1	1	4	
7564	7564	0	255	0	255	0	255	1	1	0	
6174	6174	0	0	0	255	0	255	1	1	0	
6175	6175	0	0	0	255	0	255	1	1	0	
6159	6159	0	255	0	255	0	255	1	1	0	
//=================================================================================================
0	378	317	5096	0	0	5100	0	0	0	0	0	4	4	10	100	65	0	65	85	85	85	85	1	
1
32	0	
5
4771	4771	0	255	0	255	0	255	1	1	4	
7564	7564	0	255	0	255	0	255	1	1	0	
6174	6174	0	0	0	255	0	255	1	1	0	
6175	6175	0	0	0	255	0	255	1	1	0	
6159	6159	0	255	0	255	0	255	1	1	0	
//=================================================================================================
0	379	318	5096	0	0	5100	0	0	0	0	0	4	4	10	100	65	0	65	85	85	85	85	1	
1
32	0	
5
5283	5283	0	255	0	255	0	255	1	1	4	
7564	7564	0	255	0	255	0	255	1	1	0	
6174	6174	0	0	0	255	0	255	1	1	0	
6175	6175	0	0	0	255	0	255	1	1	0	
6159	6159	0	255	0	255	0	255	1	1	0	
//=================================================================================================
0	380	319	5096	0	0	5100	0	0	0	0	0	4	4	10	100	65	0	65	85	85	85	85	1	
1
32	0	
5
5795	5795	0	255	0	255	0	255	1	1	4	
7564	7564	0	255	0	255	0	255	1	1	0	
6174	6174	0	0	0	255	0	255	1	1	0	
6175	6175	0	0	0	255	0	255	1	1	0	
6159	6159	0	255	0	255	0	255	1	1	0	
//=================================================================================================
0	381	320	5038	0	0	5039	0	0	0	0	0	4	4	10	100	65	0	65	85	85	85	85	1	
1
32	0	
6
2082	2082	11	255	16	28	0	255	1	1	1	
7554	7554	0	255	0	255	0	255	1	1	0	
6174	6174	2	2	0	255	0	255	1	1	0	
6175	6175	2	2	0	255	0	255	1	1	0	
6159	6159	0	255	0	255	0	255	1	1	0	
7190	7190	0	255	0	255	0	255	1	1	0	
//=================================================================================================
0	382	321	5226	0	0	5227	0	0	0	0	0	4	4	10	100	65	0	65	85	85	85	85	1	
1
32	0	
6
3734	3734	11	255	16	28	0	255	1	1	4	
7583	7583	0	255	0	255	0	255	1	1	0	
6174	6174	2	2	0	255	0	255	1	1	0	
6175	6175	2	2	0	255	0	255	1	1	0	
6159	6159	0	255	0	255	0	255	1	1	0	
7190	7190	0	255	0	255	0	255	1	1	0	
//=================================================================================================
0	383	322	5226	0	0	5227	0	0	0	0	0	4	4	10	100	65	0	65	85	85	85	85	1	
1
32	0	
6
3735	3735	11	255	16	28	0	255	1	1	4	
7583	7583	0	255	0	255	0	255	1	1	0	
6174	6174	2	2	0	255	0	255	1	1	0	
6175	6175	2	2	0	255	0	255	1	1	0	
6159	6159	0	255	0	255	0	255	1	1	0	
7190	7190	0	255	0	255	0	255	1	1	0	
//=================================================================================================
0	384	323	5226	0	0	5227	0	0	0	0	0	4	4	10	100	65	0	65	85	85	85	85	1	
1
32	0	
6
3736	3736	11	255	16	28	0	255	1	1	4	
7583	7583	0	255	0	255	0	255	1	1	0	
6174	6174	2	2	0	255	0	255	1	1	0	
6175	6175	2	2	0	255	0	255	1	1	0	
6159	6159	0	255	0	255	0	255	1	1	0	
7190	7190	0	255	0	255	0	255	1	1	0	
//=================================================================================================
0	385	324	5226	0	0	5227	0	0	0	0	0	4	4	10	100	65	0	65	85	85	85	85	1	
1
32	0	
6
3737	3737	11	255	16	28	0	255	1	1	4	
7583	7583	0	255	0	255	0	255	1	1	0	
6174	6174	2	2	0	255	0	255	1	1	0	
6175	6175	2	2	0	255	0	255	1	1	0	
6159	6159	0	255	0	255	0	255	1	1	0	
7190	7190	0	255	0	255	0	255	1	1	0	
//=================================================================================================
0	386	325	5226	0	0	5227	0	0	0	0	0	4	4	10	100	65	0	65	85	85	85	85	1	
1
32	0	
6
3739	3739	11	255	16	28	0	255	1	1	4	
7583	7583	0	255	0	255	0	255	1	1	0	
6174	6174	2	2	0	255	0	255	1	1	0	
6175	6175	2	2	0	255	0	255	1	1	0	
6159	6159	0	255	0	255	0	255	1	1	0	
7190	7190	0	255	0	255	0	255	1	1	0	
//=================================================================================================
0	387	326	5226	0	0	5227	0	0	0	0	0	4	4	10	100	65	0	65	85	85	85	85	1	
1
32	0	
6
3740	3740	11	255	16	28	0	255	1	1	4	
7583	7583	0	255	0	255	0	255	1	1	0	
6174	6174	2	2	0	255	0	255	1	1	0	
6175	6175	2	2	0	255	0	255	1	1	0	
6159	6159	0	255	0	255	0	255	1	1	0	
7190	7190	0	255	0	255	0	255	1	1	0	
//=================================================================================================
0	388	327	5226	0	0	5227	0	0	0	0	0	4	4	10	100	65	0	65	85	85	85	85	1	
1
32	0	
6
3741	3741	11	255	16	28	0	255	1	1	4	
7583	7583	0	255	0	255	0	255	1	1	0	
6174	6174	2	2	0	255	0	255	1	1	0	
6175	6175	2	2	0	255	0	255	1	1	0	
6159	6159	0	255	0	255	0	255	1	1	0	
7190	7190	0	255	0	255	0	255	1	1	0	
//=================================================================================================
0	389	328	5226	0	0	5227	0	0	0	0	0	4	4	10	100	65	0	65	85	85	85	85	1	
1
32	0	
6
3744	3744	11	255	16	28	0	255	1	1	4	
7583	7583	0	255	0	255	0	255	1	1	0	
6174	6174	2	2	0	255	0	255	1	1	0	
6175	6175	2	2	0	255	0	255	1	1	0	
6159	6159	0	255	0	255	0	255	1	1	0	
7190	7190	0	255	0	255	0	255	1	1	0	
//=================================================================================================
0	390	329	5226	0	0	5227	0	0	0	0	0	4	4	10	100	65	0	65	85	85	85	85	1	
1
32	0	
6
4246	4246	11	255	16	28	0	255	1	1	4	
7583	7583	0	255	0	255	0	255	1	1	0	
6174	6174	2	2	0	255	0	255	1	1	0	
6175	6175	2	2	0	255	0	255	1	1	0	
6159	6159	0	255	0	255	0	255	1	1	0	
7190	7190	0	255	0	255	0	255	1	1	0	
//=================================================================================================
0	391	330	5226	0	0	5227	0	0	0	0	0	4	4	10	100	65	0	65	85	85	85	85	1	
1
32	0	
6
4247	4247	11	255	16	28	0	255	1	1	4	
7583	7583	0	255	0	255	0	255	1	1	0	
6174	6174	2	2	0	255	0	255	1	1	0	
6175	6175	2	2	0	255	0	255	1	1	0	
6159	6159	0	255	0	255	0	255	1	1	0	
7190	7190	0	255	0	255	0	255	1	1	0	
//=================================================================================================
0	392	331	5226	0	0	5227	0	0	0	0	0	4	4	10	100	65	0	65	85	85	85	85	1	
1
32	0	
6
4248	4248	11	255	16	28	0	255	1	1	4	
7583	7583	0	255	0	255	0	255	1	1	0	
6174	6174	2	2	0	255	0	255	1	1	0	
6175	6175	2	2	0	255	0	255	1	1	0	
6159	6159	0	255	0	255	0	255	1	1	0	
7190	7190	0	255	0	255	0	255	1	1	0	
//=================================================================================================
0	393	332	5226	0	0	5227	0	0	0	0	0	4	4	10	100	65	0	65	85	85	85	85	1	
1
32	0	
6
4249	4249	11	255	16	28	0	255	1	1	4	
7583	7583	0	255	0	255	0	255	1	1	0	
6174	6174	2	2	0	255	0	255	1	1	0	
6175	6175	2	2	0	255	0	255	1	1	0	
6159	6159	0	255	0	255	0	255	1	1	0	
7190	7190	0	255	0	255	0	255	1	1	0	
//=================================================================================================
0	394	333	5226	0	0	5227	0	0	0	0	0	4	4	10	100	65	0	65	85	85	85	85	1	
1
32	0	
6
4250	4250	11	255	16	28	0	255	1	1	4	
7583	7583	0	255	0	255	0	255	1	1	0	
6174	6174	2	2	0	255	0	255	1	1	0	
6175	6175	2	2	0	255	0	255	1	1	0	
6159	6159	0	255	0	255	0	255	1	1	0	
7190	7190	0	255	0	255	0	255	1	1	0	
//=================================================================================================
0	395	334	5226	0	0	5227	0	0	0	0	0	4	4	10	100	65	0	65	85	85	85	85	1	
1
32	0	
6
4251	4251	11	255	16	28	0	255	1	1	4	
7583	7583	0	255	0	255	0	255	1	1	0	
6174	6174	2	2	0	255	0	255	1	1	0	
6175	6175	2	2	0	255	0	255	1	1	0	
6159	6159	0	255	0	255	0	255	1	1	0	
7190	7190	0	255	0	255	0	255	1	1	0	
//=================================================================================================
0	396	335	5226	0	0	5227	0	0	0	0	0	4	4	10	100	65	0	65	85	85	85	85	1	
1
32	0	
6
4252	4252	11	255	16	28	0	255	1	1	4	
7583	7583	0	255	0	255	0	255	1	1	0	
6174	6174	2	2	0	255	0	255	1	1	0	
6175	6175	2	2	0	255	0	255	1	1	0	
6159	6159	0	255	0	255	0	255	1	1	0	
7190	7190	0	255	0	255	0	255	1	1	0	
//=================================================================================================
0	397	336	5226	0	0	5227	0	0	0	0	0	4	4	10	100	65	0	65	85	85	85	85	1	
1
32	0	
6
4253	4253	11	255	16	28	0	255	1	1	4	
7583	7583	0	255	0	255	0	255	1	1	0	
6174	6174	2	2	0	255	0	255	1	1	0	
6175	6175	2	2	0	255	0	255	1	1	0	
6159	6159	0	255	0	255	0	255	1	1	0	
7190	7190	0	255	0	255	0	255	1	1	0	
//=================================================================================================
0	398	337	5226	0	0	5227	0	0	0	0	0	4	4	10	100	65	0	65	85	85	85	85	1	
1
32	0	
6
4256	4256	11	255	16	28	0	255	1	1	4	
7583	7583	0	255	0	255	0	255	1	1	0	
6174	6174	2	2	0	255	0	255	1	1	0	
6175	6175	2	2	0	255	0	255	1	1	0	
6159	6159	0	255	0	255	0	255	1	1	0	
7190	7190	0	255	0	255	0	255	1	1	0	
//=================================================================================================
0	399	338	5226	0	0	5227	0	0	0	0	0	4	4	10	100	65	0	65	85	85	85	85	1	
1
32	0	
6
4259	4259	11	255	16	28	0	255	1	1	4	
7583	7583	0	255	0	255	0	255	1	1	0	
6174	6174	2	2	0	255	0	255	1	1	0	
6175	6175	2	2	0	255	0	255	1	1	0	
6159	6159	0	255	0	255	0	255	1	1	0	
7190	7190	0	255	0	255	0	255	1	1	0	
//=================================================================================================
0	400	339	5226	0	0	5227	0	0	0	0	0	4	4	10	100	65	0	65	85	85	85	85	1	
1
32	0	
6
4758	4758	11	255	16	28	0	255	1	1	4	
7583	7583	0	255	0	255	0	255	1	1	0	
6174	6174	2	2	0	255	0	255	1	1	0	
6175	6175	2	2	0	255	0	255	1	1	0	
6159	6159	0	255	0	255	0	255	1	1	0	
7190	7190	0	255	0	255	0	255	1	1	0	
//=================================================================================================
0	401	340	5226	0	0	5227	0	0	0	0	0	4	4	10	100	65	0	65	85	85	85	85	1	
1
32	0	
6
4759	4759	11	255	16	28	0	255	1	1	4	
7583	7583	0	255	0	255	0	255	1	1	0	
6174	6174	2	2	0	255	0	255	1	1	0	
6175	6175	2	2	0	255	0	255	1	1	0	
6159	6159	0	255	0	255	0	255	1	1	0	
7190	7190	0	255	0	255	0	255	1	1	0	
//=================================================================================================
0	402	341	5226	0	0	5227	0	0	0	0	0	4	4	10	100	65	0	65	85	85	85	85	1	
1
32	0	
6
4760	4760	11	255	16	28	0	255	1	1	4	
7583	7583	0	255	0	255	0	255	1	1	0	
6174	6174	2	2	0	255	0	255	1	1	0	
6175	6175	2	2	0	255	0	255	1	1	0	
6159	6159	0	255	0	255	0	255	1	1	0	
7190	7190	0	255	0	255	0	255	1	1	0	
//=================================================================================================
0	403	342	5226	0	0	5227	0	0	0	0	0	4	4	10	100	65	0	65	85	85	85	85	1	
1
32	0	
6
4761	4761	11	255	16	28	0	255	1	1	4	
7583	7583	0	255	0	255	0	255	1	1	0	
6174	6174	2	2	0	255	0	255	1	1	0	
6175	6175	2	2	0	255	0	255	1	1	0	
6159	6159	0	255	0	255	0	255	1	1	0	
7190	7190	0	255	0	255	0	255	1	1	0	
//=================================================================================================
0	404	343	5226	0	0	5227	0	0	0	0	0	4	4	10	100	65	0	65	85	85	85	85	1	
1
32	0	
6
4762	4762	11	255	16	28	0	255	1	1	4	
7583	7583	0	255	0	255	0	255	1	1	0	
6174	6174	2	2	0	255	0	255	1	1	0	
6175	6175	2	2	0	255	0	255	1	1	0	
6159	6159	0	255	0	255	0	255	1	1	0	
7190	7190	0	255	0	255	0	255	1	1	0	
//=================================================================================================
0	405	344	5226	0	0	5227	0	0	0	0	0	4	4	10	100	65	0	65	85	85	85	85	1	
1
32	0	
6
4763	4763	11	255	16	28	0	255	1	1	4	
7583	7583	0	255	0	255	0	255	1	1	0	
6174	6174	2	2	0	255	0	255	1	1	0	
6175	6175	2	2	0	255	0	255	1	1	0	
6159	6159	0	255	0	255	0	255	1	1	0	
7190	7190	0	255	0	255	0	255	1	1	0	
//=================================================================================================
0	406	345	5226	0	0	5227	0	0	0	0	0	4	4	10	100	65	0	65	85	85	85	85	1	
1
32	0	
6
4764	4764	11	255	16	28	0	255	1	1	4	
7583	7583	0	255	0	255	0	255	1	1	0	
6174	6174	2	2	0	255	0	255	1	1	0	
6175	6175	2	2	0	255	0	255	1	1	0	
6159	6159	0	255	0	255	0	255	1	1	0	
7190	7190	0	255	0	255	0	255	1	1	0	
//=================================================================================================
0	407	346	5226	0	0	5227	0	0	0	0	0	4	4	10	100	65	0	65	85	85	85	85	1	
1
32	0	
6
4765	4765	11	255	16	28	0	255	1	1	4	
7583	7583	0	255	0	255	0	255	1	1	0	
6174	6174	2	2	0	255	0	255	1	1	0	
6175	6175	2	2	0	255	0	255	1	1	0	
6159	6159	0	255	0	255	0	255	1	1	0	
7190	7190	0	255	0	255	0	255	1	1	0	
//=================================================================================================
0	408	347	5226	0	0	5227	0	0	0	0	0	4	4	10	100	65	0	65	85	85	85	85	1	
1
32	0	
6
4768	4768	11	255	16	28	0	255	1	1	4	
7583	7583	0	255	0	255	0	255	1	1	0	
6174	6174	2	2	0	255	0	255	1	1	0	
6175	6175	2	2	0	255	0	255	1	1	0	
6159	6159	0	255	0	255	0	255	1	1	0	
7190	7190	0	255	0	255	0	255	1	1	0	
//=================================================================================================
0	409	348	5226	0	0	5227	0	0	0	0	0	4	4	10	100	65	0	65	85	85	85	85	1	
1
32	0	
6
4771	4771	11	255	16	28	0	255	1	1	4	
7583	7583	0	255	0	255	0	255	1	1	0	
6174	6174	2	2	0	255	0	255	1	1	0	
6175	6175	2	2	0	255	0	255	1	1	0	
6159	6159	0	255	0	255	0	255	1	1	0	
7190	7190	0	255	0	255	0	255	1	1	0	
//=================================================================================================
0	410	349	5226	0	0	5227	0	0	0	0	0	4	4	10	100	65	0	65	85	85	85	85	1	
1
32	0	
6
5271	5271	11	255	16	28	0	255	1	1	4	
7583	7583	0	255	0	255	0	255	1	1	0	
6174	6174	2	2	0	255	0	255	1	1	0	
6175	6175	2	2	0	255	0	255	1	1	0	
6159	6159	0	255	0	255	0	255	1	1	0	
7190	7190	0	255	0	255	0	255	1	1	0	
//=================================================================================================
0	411	350	5226	0	0	5227	0	0	0	0	0	4	4	10	100	65	0	65	85	85	85	85	1	
1
32	0	
6
5272	5272	11	255	16	28	0	255	1	1	4	
7583	7583	0	255	0	255	0	255	1	1	0	
6174	6174	2	2	0	255	0	255	1	1	0	
6175	6175	2	2	0	255	0	255	1	1	0	
6159	6159	0	255	0	255	0	255	1	1	0	
7190	7190	0	255	0	255	0	255	1	1	0	
//=================================================================================================
0	412	351	5226	0	0	5227	0	0	0	0	0	4	4	10	100	65	0	65	85	85	85	85	1	
1
32	0	
6
5273	5273	11	255	16	28	0	255	1	1	4	
7583	7583	0	255	0	255	0	255	1	1	0	
6174	6174	2	2	0	255	0	255	1	1	0	
6175	6175	2	2	0	255	0	255	1	1	0	
6159	6159	0	255	0	255	0	255	1	1	0	
7190	7190	0	255	0	255	0	255	1	1	0	
//=================================================================================================
0	413	352	5226	0	0	5227	0	0	0	0	0	4	4	10	100	65	0	65	85	85	85	85	1	
1
32	0	
6
5274	5274	11	255	16	28	0	255	1	1	4	
7583	7583	0	255	0	255	0	255	1	1	0	
6174	6174	2	2	0	255	0	255	1	1	0	
6175	6175	2	2	0	255	0	255	1	1	0	
6159	6159	0	255	0	255	0	255	1	1	0	
7190	7190	0	255	0	255	0	255	1	1	0	
//=================================================================================================
0	414	353	5226	0	0	5227	0	0	0	0	0	4	4	10	100	65	0	65	85	85	85	85	1	
1
32	0	
6
5275	5275	11	255	16	28	0	255	1	1	4	
7583	7583	0	255	0	255	0	255	1	1	0	
6174	6174	2	2	0	255	0	255	1	1	0	
6175	6175	2	2	0	255	0	255	1	1	0	
6159	6159	0	255	0	255	0	255	1	1	0	
7190	7190	0	255	0	255	0	255	1	1	0	
//=================================================================================================
0	415	354	5226	0	0	5227	0	0	0	0	0	4	4	10	100	65	0	65	85	85	85	85	1	
1
32	0	
6
5277	5277	11	255	16	28	0	255	1	1	4	
7583	7583	0	255	0	255	0	255	1	1	0	
6174	6174	2	2	0	255	0	255	1	1	0	
6175	6175	2	2	0	255	0	255	1	1	0	
6159	6159	0	255	0	255	0	255	1	1	0	
7190	7190	0	255	0	255	0	255	1	1	0	
//=================================================================================================
0	416	355	5226	0	0	5227	0	0	0	0	0	4	4	10	100	65	0	65	85	85	85	85	1	
1
32	0	
6
5280	5280	11	255	16	28	0	255	1	1	4	
7583	7583	0	255	0	255	0	255	1	1	0	
6174	6174	2	2	0	255	0	255	1	1	0	
6175	6175	2	2	0	255	0	255	1	1	0	
6159	6159	0	255	0	255	0	255	1	1	0	
7190	7190	0	255	0	255	0	255	1	1	0	
//=================================================================================================
0	417	356	5226	0	0	5227	0	0	0	0	0	4	4	10	100	65	0	65	85	85	85	85	1	
1
32	0	
6
5283	5283	11	255	16	28	0	255	1	1	4	
7583	7583	0	255	0	255	0	255	1	1	0	
6174	6174	2	2	0	255	0	255	1	1	0	
6175	6175	2	2	0	255	0	255	1	1	0	
6159	6159	0	255	0	255	0	255	1	1	0	
7190	7190	0	255	0	255	0	255	1	1	0	
//=================================================================================================
0	418	357	5226	0	0	5227	0	0	0	0	0	4	4	10	100	65	0	65	85	85	85	85	1	
1
32	0	
6
5782	5782	11	255	16	28	0	255	1	1	4	
7583	7583	0	255	0	255	0	255	1	1	0	
6174	6174	2	2	0	255	0	255	1	1	0	
6175	6175	2	2	0	255	0	255	1	1	0	
6159	6159	0	255	0	255	0	255	1	1	0	
7190	7190	0	255	0	255	0	255	1	1	0	
//=================================================================================================
0	419	358	5226	0	0	5227	0	0	0	0	0	4	4	10	100	65	0	65	85	85	85	85	1	
1
32	0	
6
5786	5786	11	255	16	28	0	255	1	1	4	
7583	7583	0	255	0	255	0	255	1	1	0	
6174	6174	2	2	0	255	0	255	1	1	0	
6175	6175	2	2	0	255	0	255	1	1	0	
6159	6159	0	255	0	255	0	255	1	1	0	
7190	7190	0	255	0	255	0	255	1	1	0	
//=================================================================================================
0	420	359	5226	0	0	5227	0	0	0	0	0	4	4	10	100	65	0	65	85	85	85	85	1	
1
32	0	
6
5788	5788	11	255	16	28	0	255	1	1	4	
7583	7583	0	255	0	255	0	255	1	1	0	
6174	6174	2	2	0	255	0	255	1	1	0	
6175	6175	2	2	0	255	0	255	1	1	0	
6159	6159	0	255	0	255	0	255	1	1	0	
7190	7190	0	255	0	255	0	255	1	1	0	
//=================================================================================================
0	421	360	5226	0	0	5227	0	0	0	0	0	4	4	10	100	65	0	65	85	85	85	85	1	
1
32	0	
6
5795	5795	11	255	16	28	0	255	1	1	4	
7583	7583	0	255	0	255	0	255	1	1	0	
6174	6174	2	2	0	255	0	255	1	1	0	
6175	6175	2	2	0	255	0	255	1	1	0	
6159	6159	0	255	0	255	0	255	1	1	0	
7190	7190	0	255	0	255	0	255	1	1	0	
//=================================================================================================
0	422	361	5228	0	0	5229	0	0	0	0	0	4	4	10	100	65	0	65	85	85	85	85	1	
1
32	0	
6
54	54	11	255	16	28	0	255	1	1	1	
7584	7584	0	255	0	255	0	255	1	1	0	
6174	6174	2	2	0	255	0	255	1	1	0	
6175	6175	2	2	0	255	0	255	1	1	0	
6159	6159	0	255	0	255	0	255	1	1	0	
7190	7190	0	255	0	255	0	255	1	1	0	
//=================================================================================================
0	423	362	5228	0	0	5229	0	0	0	0	0	4	4	10	100	65	0	65	85	85	85	85	1	
1
32	0	
6
55	55	11	255	16	28	0	255	1	1	1	
7584	7584	0	255	0	255	0	255	1	1	0	
6174	6174	2	2	0	255	0	255	1	1	0	
6175	6175	2	2	0	255	0	255	1	1	0	
6159	6159	0	255	0	255	0	255	1	1	0	
7190	7190	0	255	0	255	0	255	1	1	0	
//=================================================================================================
0	424	363	5228	0	0	5229	0	0	0	0	0	4	4	10	100	65	0	65	85	85	85	85	1	
1
32	0	
6
56	56	11	255	16	28	0	255	1	1	1	
7584	7584	0	255	0	255	0	255	1	1	0	
6174	6174	2	2	0	255	0	255	1	1	0	
6175	6175	2	2	0	255	0	255	1	1	0	
6159	6159	0	255	0	255	0	255	1	1	0	
7190	7190	0	255	0	255	0	255	1	1	0	
//=================================================================================================
0	425	364	5228	0	0	5229	0	0	0	0	0	4	4	10	100	65	0	65	85	85	85	85	1	
1
32	0	
6
1050	1050	11	255	16	28	0	255	1	1	1	
7584	7584	0	255	0	255	0	255	1	1	0	
6174	6174	2	2	0	255	0	255	1	1	0	
6175	6175	2	2	0	255	0	255	1	1	0	
6159	6159	0	255	0	255	0	255	1	1	0	
7190	7190	0	255	0	255	0	255	1	1	0	
//=================================================================================================
0	426	365	5228	0	0	5229	0	0	0	0	0	4	4	10	100	65	0	65	85	85	85	85	1	
1
32	0	
6
1560	1560	11	255	16	28	0	255	1	1	1	
7584	7584	0	255	0	255	0	255	1	1	0	
6174	6174	2	2	0	255	0	255	1	1	0	
6175	6175	2	2	0	255	0	255	1	1	0	
6159	6159	0	255	0	255	0	255	1	1	0	
7190	7190	0	255	0	255	0	255	1	1	0	
//=================================================================================================
0	427	366	5228	0	0	5229	0	0	0	0	0	4	4	10	100	65	0	65	85	85	85	85	1	
1
32	0	
6
2079	2079	11	255	16	28	0	255	1	1	1	
7584	7584	0	255	0	255	0	255	1	1	0	
6174	6174	2	2	0	255	0	255	1	1	0	
6175	6175	2	2	0	255	0	255	1	1	0	
6159	6159	0	255	0	255	0	255	1	1	0	
7190	7190	0	255	0	255	0	255	1	1	0	
//=================================================================================================
0	428	367	5228	0	0	5229	0	0	0	0	0	4	4	10	100	65	0	65	85	85	85	85	1	
1
32	0	
6
2083	2083	11	255	16	28	0	255	1	1	1	
7584	7584	0	255	0	255	0	255	1	1	0	
6174	6174	2	2	0	255	0	255	1	1	0	
6175	6175	2	2	0	255	0	255	1	1	0	
6159	6159	0	255	0	255	0	255	1	1	0	
7190	7190	0	255	0	255	0	255	1	1	0	
//=================================================================================================
0	429	368	5228	0	0	5229	0	0	0	0	0	4	4	10	100	65	0	65	85	85	85	85	1	
1
32	0	
6
2611	2611	11	255	16	28	0	255	1	1	1	
7584	7584	0	255	0	255	0	255	1	1	0	
6174	6174	2	2	0	255	0	255	1	1	0	
6175	6175	2	2	0	255	0	255	1	1	0	
6159	6159	0	255	0	255	0	255	1	1	0	
7190	7190	0	255	0	255	0	255	1	1	0	
//=================================================================================================
0	430	369	5228	0	0	5229	0	0	0	0	0	4	4	10	100	65	0	65	85	85	85	85	1	
1
32	0	
6
2612	2612	11	255	16	28	0	255	1	1	1	
7584	7584	0	255	0	255	0	255	1	1	0	
6174	6174	2	2	0	255	0	255	1	1	0	
6175	6175	2	2	0	255	0	255	1	1	0	
6159	6159	0	255	0	255	0	255	1	1	0	
7190	7190	0	255	0	255	0	255	1	1	0	
//=================================================================================================
0	431	370	5095	0	0	5098	0	0	0	0	0	4	4	10	100	65	0	65	85	85	85	85	1	
1
32	0	
5
3692	3692	0	255	0	255	0	255	1	1	4	
7563	7563	0	255	0	255	0	255	1	1	0	
6174	6174	0	0	0	255	0	255	1	1	0	
6175	6175	0	0	0	255	0	255	1	1	0	
6159	6159	0	255	0	255	0	255	1	1	0	
//=================================================================================================
0	432	371	5095	0	0	5098	0	0	0	0	0	4	4	10	100	65	0	65	85	85	85	85	1	
1
32	0	
5
4204	4204	0	255	0	255	0	255	1	1	4	
7563	7563	0	255	0	255	0	255	1	1	0	
6174	6174	0	0	0	255	0	255	1	1	0	
6175	6175	0	0	0	255	0	255	1	1	0	
6159	6159	0	255	0	255	0	255	1	1	0	
//=================================================================================================
0	433	372	5095	0	0	5098	0	0	0	0	0	4	4	10	100	65	0	65	85	85	85	85	1	
1
32	0	
5
4716	4716	0	255	0	255	0	255	1	1	4	
7563	7563	0	255	0	255	0	255	1	1	0	
6174	6174	0	0	0	255	0	255	1	1	0	
6175	6175	0	0	0	255	0	255	1	1	0	
6159	6159	0	255	0	255	0	255	1	1	0	
//=================================================================================================
0	434	373	5095	0	0	5098	0	0	0	0	0	4	4	10	100	65	0	65	85	85	85	85	1	
1
32	0	
5
5228	5228	0	255	0	255	0	255	1	1	4	
7563	7563	0	255	0	255	0	255	1	1	0	
6174	6174	0	0	0	255	0	255	1	1	0	
6175	6175	0	0	0	255	0	255	1	1	0	
6159	6159	0	255	0	255	0	255	1	1	0	
//=================================================================================================
0	435	374	5095	0	0	5097	0	0	0	0	0	4	4	10	100	65	0	65	85	85	85	85	1	
1
32	0	
5
3698	3698	0	255	0	255	0	255	1	1	4	
7562	7562	0	255	0	255	0	255	1	1	0	
6174	6174	0	0	0	255	0	255	1	1	0	
6175	6175	0	0	0	255	0	255	1	1	0	
6159	6159	0	255	0	255	0	255	1	1	0	
//=================================================================================================
0	436	375	5095	0	0	5097	0	0	0	0	0	4	4	10	100	65	0	65	85	85	85	85	1	
1
32	0	
5
4210	4210	0	255	0	255	0	255	1	1	4	
7562	7562	0	255	0	255	0	255	1	1	0	
6174	6174	0	0	0	255	0	255	1	1	0	
6175	6175	0	0	0	255	0	255	1	1	0	
6159	6159	0	255	0	255	0	255	1	1	0	
//=================================================================================================
0	437	376	5095	0	0	5097	0	0	0	0	0	4	4	10	100	65	0	65	85	85	85	85	1	
1
32	0	
5
4722	4722	0	255	0	255	0	255	1	1	4	
7562	7562	0	255	0	255	0	255	1	1	0	
6174	6174	0	0	0	255	0	255	1	1	0	
6175	6175	0	0	0	255	0	255	1	1	0	
6159	6159	0	255	0	255	0	255	1	1	0	
//=================================================================================================
0	438	377	5095	0	0	5097	0	0	0	0	0	4	4	10	100	65	0	65	85	85	85	85	1	
1
32	0	
5
5234	5234	0	255	0	255	0	255	1	1	4	
7562	7562	0	255	0	255	0	255	1	1	0	
6174	6174	0	0	0	255	0	255	1	1	0	
6175	6175	0	0	0	255	0	255	1	1	0	
6159	6159	0	255	0	255	0	255	1	1	0	
//=================================================================================================
0	439	378	5096	0	0	5099	0	0	0	0	0	4	4	10	100	65	0	65	85	85	85	85	1	
1
32	0	
5
4206	4206	0	255	0	255	0	255	1	1	4	
7565	7565	0	255	0	255	0	255	1	1	0	
6174	6174	0	0	0	255	0	255	1	1	0	
6175	6175	0	0	0	255	0	255	1	1	0	
6159	6159	0	255	0	255	0	255	1	1	0	
//=================================================================================================
0	440	379	5096	0	0	5099	0	0	0	0	0	4	4	10	100	65	0	65	85	85	85	85	1	
1
32	0	
5
4718	4718	0	255	0	255	0	255	1	1	4	
7565	7565	0	255	0	255	0	255	1	1	0	
6174	6174	0	0	0	255	0	255	1	1	0	
6175	6175	0	0	0	255	0	255	1	1	0	
6159	6159	0	255	0	255	0	255	1	1	0	
//=================================================================================================
0	441	380	5096	0	0	5099	0	0	0	0	0	4	4	10	100	65	0	65	85	85	85	85	1	
1
32	0	
5
5230	5230	0	255	0	255	0	255	1	1	4	
7565	7565	0	255	0	255	0	255	1	1	0	
6174	6174	0	0	0	255	0	255	1	1	0	
6175	6175	0	0	0	255	0	255	1	1	0	
6159	6159	0	255	0	255	0	255	1	1	0	
//=================================================================================================
0	442	381	5096	0	0	5099	0	0	0	0	0	4	4	10	100	65	0	65	85	85	85	85	1	
1
32	0	
5
5742	5742	0	255	0	255	0	255	1	1	4	
7565	7565	0	255	0	255	0	255	1	1	0	
6174	6174	0	0	0	255	0	255	1	1	0	
6175	6175	0	0	0	255	0	255	1	1	0	
6159	6159	0	255	0	255	0	255	1	1	0	
//=================================================================================================
0	443	382	5096	0	0	5100	0	0	0	0	0	4	4	10	100	65	0	65	85	85	85	85	1	
1
32	0	
5
4211	4211	0	255	0	255	0	255	1	1	4	
7564	7564	0	255	0	255	0	255	1	1	0	
6174	6174	0	0	0	255	0	255	1	1	0	
6175	6175	0	0	0	255	0	255	1	1	0	
6159	6159	0	255	0	255	0	255	1	1	0	
//=================================================================================================
0	444	383	5096	0	0	5100	0	0	0	0	0	4	4	10	100	65	0	65	85	85	85	85	1	
1
32	0	
5
4723	4723	0	255	0	255	0	255	1	1	4	
7564	7564	0	255	0	255	0	255	1	1	0	
6174	6174	0	0	0	255	0	255	1	1	0	
6175	6175	0	0	0	255	0	255	1	1	0	
6159	6159	0	255	0	255	0	255	1	1	0	
//=================================================================================================
0	445	384	5096	0	0	5100	0	0	0	0	0	4	4	10	100	65	0	65	85	85	85	85	1	
1
32	0	
5
5235	5235	0	255	0	255	0	255	1	1	4	
7564	7564	0	255	0	255	0	255	1	1	0	
6174	6174	0	0	0	255	0	255	1	1	0	
6175	6175	0	0	0	255	0	255	1	1	0	
6159	6159	0	255	0	255	0	255	1	1	0	
//=================================================================================================
0	446	385	5096	0	0	5100	0	0	0	0	0	4	4	10	100	65	0	65	85	85	85	85	1	
1
32	0	
5
5747	5747	0	255	0	255	0	255	1	1	4	
7564	7564	0	255	0	255	0	255	1	1	0	
6174	6174	0	0	0	255	0	255	1	1	0	
6175	6175	0	0	0	255	0	255	1	1	0	
6159	6159	0	255	0	255	0	255	1	1	0	
//=================================================================================================
0	447	503	5302	2348	1412	5301	0	0	0	0	0	5	4	10	100	65	100000	65	65	85	85	85	1	
1
32	0	
2
6552	6552	0	255	0	255	0	255	1	1	0	
6144	6146	0	255	0	255	0	255	1	1	0	
//=================================================================================================
0	448	503	5302	2348	1412	5301	0	0	0	0	0	5	4	10	100	65	100000	65	65	85	85	85	1	
1
32	0	
2
6552	6552	0	255	0	255	0	255	1	1	0	
6185	6185	0	255	0	255	0	255	1	1	0	
//=================================================================================================
0	449	504	5302	1667	1412	5301	0	0	0	0	0	5	4	10	100	66	250000	65	65	85	85	85	1	
1
32	0	
2
6554	6554	0	255	0	255	0	255	1	1	0	
6147	6150	9	255	4	255	0	255	1	1	0	
//=================================================================================================
0	450	504	5302	1667	1412	5301	0	0	0	0	0	5	4	10	100	66	250000	65	65	85	85	85	1	
1
32	0	
2
6554	6554	0	255	0	255	0	255	1	1	0	
6686	6686	9	255	4	255	0	255	1	1	0	
//=================================================================================================
0	451	504	5302	1667	1412	5301	0	0	0	0	0	5	4	10	100	66	250000	65	65	85	85	85	1	
1
32	0	
2
6554	6554	0	255	0	255	0	255	1	1	0	
6186	6186	9	255	4	255	0	255	1	1	0	
//=================================================================================================
0	452	504	5302	1667	1412	5301	0	0	0	0	0	5	4	10	100	66	250000	65	65	85	85	85	1	
1
32	0	
2
6554	6554	0	255	0	255	0	255	1	1	0	
6193	6193	9	255	4	255	0	255	1	1	0	
//=================================================================================================
0	453	504	5302	1667	1412	5301	0	0	0	0	0	5	4	10	100	66	250000	65	65	85	85	85	1	
1
32	0	
2
6554	6554	0	255	0	255	0	255	1	1	0	
6413	6413	9	255	4	255	0	255	1	1	0	
//=================================================================================================
0	454	504	5302	1667	1412	5301	0	0	0	0	0	5	4	10	100	66	1000000	65	65	85	85	85	1	
1
32	0	
2
6554	6554	0	255	0	255	0	255	1	1	0	
6566	6573	9	255	4	255	0	255	1	1	0	
//=================================================================================================
0	455	506	5303	1412	0	610	611	0	0	0	0	2	1	10	60	66	200000	65	65	85	85	85	1	
1
40	0	
6
6180	6184	13	255	4	255	0	255	1	1	0	
6175	6175	2	2	0	255	0	255	1	1	0	
6174	6174	2	2	0	255	0	255	1	1	0	
6285	6285	2	2	0	255	0	255	1	1	0	
6281	6281	2	2	0	255	0	255	1	1	0	
6550	6550	0	255	0	255	0	255	1	255	0	
//=================================================================================================
0	456	506	5303	1412	0	610	611	0	0	0	0	2	1	10	60	66	200000	65	65	85	85	85	1	
1
40	0	
6
6187	6187	13	255	4	255	0	255	1	1	0	
6175	6175	2	2	0	255	0	255	1	1	0	
6174	6174	2	2	0	255	0	255	1	1	0	
6285	6285	2	2	0	255	0	255	1	1	0	
6281	6281	2	2	0	255	0	255	1	1	0	
6550	6550	0	255	0	255	0	255	1	255	0	
//=================================================================================================
0	457	506	5303	1412	0	610	611	0	0	0	0	2	1	10	60	66	200000	65	65	85	85	85	1	
1
40	0	
6
6194	6194	13	255	4	255	0	255	1	1	0	
6175	6175	2	2	0	255	0	255	1	1	0	
6174	6174	2	2	0	255	0	255	1	1	0	
6285	6285	2	2	0	255	0	255	1	1	0	
6281	6281	2	2	0	255	0	255	1	1	0	
6550	6550	0	255	0	255	0	255	1	255	0	
//=================================================================================================
0	458	506	5303	1412	0	610	611	0	0	0	0	2	1	10	60	66	200000	65	65	85	85	85	1	
1
40	0	
6
6414	6414	13	255	4	255	0	255	1	1	0	
6175	6175	2	2	0	255	0	255	1	1	0	
6174	6174	2	2	0	255	0	255	1	1	0	
6285	6285	2	2	0	255	0	255	1	1	0	
6281	6281	2	2	0	255	0	255	1	1	0	
6550	6550	0	255	0	255	0	255	1	255	0	
//=================================================================================================
0	459	507	5230	1412	0	610	611	0	0	0	0	5	4	10	40	66	200000	65	65	85	85	85	1	
1
40	0	
8
7122	7122	0	255	0	255	0	255	1	1	0	
7123	7123	0	255	0	255	0	255	1	1	0	
7124	7124	0	255	0	255	0	255	50	50	0	
6175	6175	2	2	0	255	0	255	1	1	0	
6174	6174	2	2	0	255	0	255	1	1	0	
6285	6285	2	2	0	255	0	255	1	1	0	
6281	6281	2	2	0	255	0	255	1	1	0	
6550	6550	0	255	0	255	0	255	1	255	0	
//=================================================================================================
0	460	46	2791	0	0	0	0	0	0	0	0	1	1	10	100	65	1000000	65	85	85	85	85	1	
1
32	0	
6
7271	7271	0	255	0	255	0	255	1	1	0	
7272	7272	0	255	0	255	0	255	1	1	0	
7273	7273	0	255	0	255	0	255	1	1	0	
7274	7274	0	255	0	255	0	255	1	1	0	
7275	7275	0	255	0	255	0	255	1	1	0	
7276	7276	0	255	0	255	0	255	1	1	0	
//=================================================================================================
0	461	47	2881	0	0	0	0	0	0	0	0	2	2	1	100	65	0	65	85	85	85	85	16	
1
32	0	
2
7281	7281	0	255	0	255	0	255	1	1	0	
7289	7289	0	255	0	255	0	255	1	1	0	
//=================================================================================================
0	462	47	2882	0	0	0	0	0	0	0	0	2	2	1	100	65	0	65	85	85	85	85	16	
1
32	0	
2
7280	7280	0	255	0	255	0	255	1	1	0	
7290	7290	0	255	0	255	0	255	1	1	0	
//=================================================================================================
0	463	48	4070	0	0	610	611	0	0	0	0	1	1	10	50	65	100000	65	85	85	85	85	1	
1
32	0	
1
7378	7378	0	255	0	255	0	255	2	2	0	
//=================================================================================================
0	464	48	4070	0	0	610	611	0	0	0	0	1	1	10	50	65	200000	65	85	85	85	85	1	
1
32	0	
2
7379	7379	0	255	0	255	0	255	1	1	0	
7378	7378	0	255	0	255	0	255	1	1	0	
//=================================================================================================
0	465	48	4070	0	0	610	611	0	0	0	0	1	1	10	40	65	300000	65	85	85	85	85	1	
1
32	0	
2
7380	7380	0	255	0	255	0	255	1	1	0	
7378	7378	0	255	0	255	0	255	1	1	0	
//=================================================================================================
0	466	58	3958	1412	0	610	611	0	0	0	0	1	1	10	90	65	100000	65	85	85	85	85	1	
3
33	0	
4	0	
0	2500	
2
7374	7374	0	255	0	255	0	255	5	5	0	
7181	7181	0	255	0	255	0	255	1	2	0	
//=================================================================================================
0	467	58	3958	1412	0	610	611	0	0	0	0	1	1	10	80	65	1000000	65	85	85	85	85	1	
3
33	0	
4	0	
0	2500	
2
7375	7375	0	255	0	255	0	255	5	5	0	
7181	7181	0	255	0	255	0	255	1	2	0	
//=================================================================================================
0	468	501	4667	0	0	4680	0	0	0	0	0	4	4	1	80	65	0	65	85	85	85	85	1	
1
32	0	
2
3714	5769	11	11	0	255	0	255	1	1	4	
7585	7585	0	255	0	255	0	255	1	1	0	
//=================================================================================================
0	469	501	4667	0	0	4680	0	0	0	0	0	4	4	1	90	65	0	65	85	85	85	85	1	
1
32	0	
2
3714	5769	13	13	0	255	0	255	1	1	4	
7585	7585	0	255	0	255	0	255	1	1	0	
//=================================================================================================
0	470	501	4667	0	0	4680	0	0	0	0	0	4	4	1	100	65	0	65	85	85	85	85	1	
1
32	0	
2
3714	5769	15	15	0	255	0	255	1	1	4	
7585	7585	0	255	0	255	0	255	1	1	0	
//=================================================================================================
1	0	1	736	0	0	588	589	590	588	589	590	5	4	10	100	66	10000	66	85	85	85	85	1	
3
33	0	
4	0	
0	20000	
4
0	6143	4	255	4	255	0	255	1	255	0	
6159	6159	0	255	0	255	0	255	1	255	0	
7182	7182	0	255	0	255	0	255	0	255	0	
7181	7181	0	255	0	255	0	255	0	255	0	
//=================================================================================================
2	0	36	2194	1412	0	0	0	0	0	0	0	-1	-1	10	70	65	10000000	67	85	85	85	85	1	
14
0	50	
1	0	
7	0	
5	0	
5	0	
38	0	
2	0	
0	4	
6	0	
4	0	
0	3	
6	0	
3	0	
0	10	
3
0	6143	4	255	4	255	0	255	1	1	2	
7199	7199	0	255	0	255	0	255	1	1	0	
7210	7210	0	255	0	255	0	255	1	1	0	
//=================================================================================================
3	0	18	1640	0	0	0	0	0	0	0	0	4	5	10	100	65	1000000000	65	85	85	85	85	1	
1
32	0	
3
7199	7199	0	255	0	255	0	255	30	30	0	
6174	6174	2	2	0	255	0	255	1	1	0	
6175	6175	2	2	0	255	0	255	1	1	0	
//=================================================================================================
4	0	14	1214	1212	0	0	0	0	0	0	0	1	1	1	60	65	1000000	65	65	85	85	85	1	
1
32	0	
5
6687	6687	1	1	0	255	0	255	1	1	0	
7181	7181	0	255	0	255	0	255	2	2	0	
7182	7182	0	255	0	255	0	255	2	2	0	
7190	7190	0	255	0	255	0	255	1	1	0	
6159	6159	0	255	0	255	0	255	1	1	0	
//=================================================================================================
4	1	13	1187	1212	0	0	0	0	0	0	0	1	1	1	60	65	5000000	65	65	85	85	85	1	
1
32	0	
5
6687	6687	0	0	0	255	0	255	1	1	0	
7181	7181	0	255	0	255	0	255	5	5	0	
7182	7182	0	255	0	255	0	255	5	5	0	
7190	7190	0	255	0	255	0	255	1	1	0	
6159	6159	0	255	0	255	0	255	1	1	0	
//=================================================================================================
5	0	34	2061	0	0	0	0	0	2222	0	0	1	1	1	50	65	0	71	85	85	85	85	8	
1
32	0	
1
0	6143	0	255	0	255	0	255	1	1	1	
//=================================================================================================
5	1	34	2061	0	0	0	0	0	2222	0	0	1	1	1	20	65	0	71	85	85	85	85	8	
1
32	0	
1
0	6143	0	255	0	255	0	255	1	1	0	
//=================================================================================================
6	0	35	1550	2336	2062	0	0	0	0	0	0	-1	-1	1	100	68	0	65	85	85	85	85	8	
1
32	0	
1
0	6143	0	255	0	255	0	255	1	1	8	
//=================================================================================================
7	0	33	2203	0	0	0	0	0	0	0	0	1	1	1	80	65	0	65	85	85	85	85	32	
1
32	0	
1
7209	7209	0	255	0	255	0	255	1	1	0	
//=================================================================================================
8	0	40	2265	0	0	2261	2263	2267	0	0	0	2	4	1	100	65	0	65	85	85	85	85	1	
1
32	0	
1
7263	7263	0	255	0	255	0	255	1	1	0	
//=================================================================================================
8	1	40	2265	0	0	2261	2263	2267	0	0	0	2	4	1	100	65	0	65	85	85	85	85	1	
1
32	0	
1
7222	7222	0	255	0	255	0	255	1	1	0	
//=================================================================================================
8	2	40	2265	0	0	2261	2263	2267	0	0	0	2	4	1	100	65	0	65	85	85	85	85	1	
1
32	0	
1
7260	7260	0	255	0	255	0	255	1	1	0	
//=================================================================================================
8	3	40	2265	0	0	2261	2263	2267	0	0	0	2	4	1	100	65	0	65	85	85	85	85	1	
1
32	0	
1
7261	7261	0	255	0	255	0	255	1	1	0	
//=================================================================================================
9	0	41	2560	0	0	0	0	0	0	0	0	2	4	1	100	65	0	65	85	85	85	85	1	
1
32	0	
1
7256	7256	0	255	0	255	0	255	10	10	0	
//=================================================================================================
9	1	41	2560	0	0	0	0	0	0	0	0	2	4	1	100	65	0	65	85	85	85	85	1	
1
32	0	
1
7257	7257	0	255	0	255	0	255	50	50	0	
//=================================================================================================
9	2	41	2560	0	0	0	0	0	0	0	0	2	4	1	100	65	0	65	85	85	85	85	1	
1
32	0	
1
7258	7258	0	255	0	255	0	255	255	255	0	
//=================================================================================================
10	0	502	5223	0	0	5224	0	0	2346	0	0	1	1	10	90	65	50000	75	85	85	85	85	32	
1
32	0	
1
0	6143	0	255	0	255	0	255	1	1	0	
//=================================================================================================
